,word
0,piaba
1,araba
2,guaba
3,dabba
4,labba
5,dubba
6,hubba
7,kubba
8,qubba
9,tubba
10,gleba
11,breba
12,whiba
13,guiba
14,gamba
15,lamba
16,mamba
17,samba
18,domba
19,dumba
20,jumba
21,cymba
22,caoba
23,cooba
24,yerba
25,girba
26,shuba
27,tsuba
28,abaca
29,araca
30,braca
31,huaca
32,bacca
33,lacca
34,yacca
35,licca
36,sicca
37,ticca
38,bocca
39,bucca
40,yucca
41,caeca
42,theca
43,cueca
44,icica
45,plica
46,spica
47,trica
48,quica
49,banca
50,tunca
51,choca
52,phoca
53,troca
54,circa
55,firca
56,furca
57,posca
58,eruca
59,styca
60,alada
61,cabda
62,fodda
63,zudda
64,weeda
65,vifda
66,cnida
67,namda
68,numda
69,banda
70,danda
71,panda
72,benda
73,denda
74,penda
75,pinda
76,honda
77,nonda
78,zerda
79,sorda
80,cauda
81,echea
82,bohea
83,galea
84,palea
85,kolea
86,solea
87,sulea
88,linea
89,tinea
90,vinea
91,apnea
92,usnea
93,kioea
94,gloea
95,tarea
96,ocrea
97,insea
98,batea
99,fovea
100,caffa
101,trifa
102,sulfa
103,tarfa
104,chufa
105,glaga
106,plaga
107,amaga
108,ziega
109,omega
110,dagga
111,gogga
112,saiga
113,taiga
114,belga
115,wilga
116,mulga
117,banga
118,ganga
119,kanga
120,manga
121,nanga
122,sanga
123,tanga
124,wanga
125,linga
126,conga
127,donga
128,longa
129,ponga
130,tonga
131,wonga
132,munga
133,punga
134,choga
135,snoga
136,stoga
137,carga
138,yerga
139,jirga
140,virga
141,morga
142,murga
143,purga
144,ekaha
145,mocha
146,nucha
147,bigha
148,lekha
149,milha
150,tanha
151,linha
152,alpha
153,hypha
154,casha
155,masha
156,pasha
157,wisha
158,kusha
159,musha
160,jatha
161,katha
162,artha
163,mowha
164,staia
165,jabia
166,labia
167,rebia
168,tibia
169,cobia
170,erbia
171,nubia
172,facia
173,oncia
174,uncia
175,media
176,redia
177,tafia
178,hagia
179,regia
180,vigia
181,logia
182,orgia
183,vakia
184,uckia
185,oukia
186,cilia
187,gilia
188,dolia
189,folia
190,holia
191,dulia
192,lamia
193,mania
194,tania
195,xenia
196,amnia
197,gonia
198,tapia
199,sepia
200,topia
201,rupia
202,baria
203,maria
204,ceria
205,feria
206,agria
207,chria
208,doria
209,noria
210,atria
211,stria
212,retia
213,entia
214,hutia
215,lauia
216,aevia
217,juvia
218,lexia
219,loxia
220,tazia
221,chaja
222,khaja
223,ajaja
224,inaja
225,ganja
226,jinja
227,linja
228,ponja
229,khoja
230,cooja
231,dooja
232,chaka
233,guaka
234,pucka
235,vodka
236,ungka
237,erika
238,yakka
239,tikka
240,molka
241,polka
242,pulka
243,sulka
244,tanka
245,rinka
246,khoka
247,sloka
248,wloka
249,kooka
250,pooka
251,asoka
252,harka
253,marka
254,parka
255,burka
256,matka
257,jutka
258,scala
259,beala
260,akala
261,alala
262,amala
263,koala
264,nabla
265,tabla
266,dobla
267,chela
268,shela
269,osela
270,stela
271,jagla
272,sigla
273,koila
274,quila
275,galla
276,palla
277,yalla
278,cella
279,kella
280,sella
281,billa
282,milla
283,villa
284,holla
285,bulla
286,culla
287,mulla
288,sulla
289,idola
290,chola
291,shola
292,viola
293,joola
294,stola
295,mopla
296,dupla
297,gisla
298,gusla
299,taula
300,khula
301,alula
302,amula
303,inula
304,uvula
305,bowla
306,phyla
307,boyla
308,asyla
309,caama
310,agama
311,shama
312,llama
313,anama
314,drama
315,grama
316,krama
317,trama
318,guama
319,edema
320,rhema
321,thema
322,ulema
323,tmema
324,enema
325,stema
326,magma
327,regma
328,sigma
329,dogma
330,alima
331,clima
332,ilima
333,anima
334,prima
335,halma
336,palma
337,salma
338,talma
339,gamma
340,mamma
341,gemma
342,lemma
343,limma
344,comma
345,somma
346,gumma
347,jumma
348,haoma
349,aboma
350,acoma
351,aloma
352,inoma
353,gooma
354,aroma
355,broma
356,stoma
357,myoma
358,karma
359,parma
360,derma
361,herma
362,terma
363,birma
364,tirma
365,norma
366,torma
367,surma
368,turma
369,syrma
370,desma
371,sesma
372,rusma
373,cauma
374,leuma
375,neuma
376,gluma
377,pluma
378,couma
379,phyma
380,tryma
381,acana
382,thana
383,liana
384,anana
385,xoana
386,prana
387,asana
388,guana
389,ruana
390,wadna
391,didna
392,scena
393,keena
394,chena
395,olena
396,arena
397,crena
398,hyena
399,ozena
400,lagna
401,pohna
402,reina
403,china
404,omina
405,doina
406,spina
407,krina
408,quina
409,canna
410,hanna
411,manna
412,henna
413,jenna
414,penna
415,senna
416,binna
417,pinna
418,winna
419,donna
420,wonna
421,tunna
422,wunna
423,ikona
424,olona
425,drona
426,krona
427,trona
428,sarna
429,varna
430,terna
431,disna
432,sauna
433,abuna
434,jiboa
435,vacoa
436,cocoa
437,legoa
438,tanoa
439,tapoa
440,caroa
441,coroa
442,waapa
443,amapa
444,niepa
445,salpa
446,milpa
447,culpa
448,yampa
449,pompa
450,scopa
451,chopa
452,stopa
453,kappa
454,tappa
455,koppa
456,poppa
457,arupa
458,stupa
459,trypa
460,acara
461,yeara
462,afara
463,bhara
464,tiara
465,ziara
466,arara
467,usara
468,guara
469,uzara
470,labra
471,sabra
472,zabra
473,zebra
474,libra
475,umbra
476,cobra
477,dobra
478,lubra
479,sacra
480,picra
481,mudra
482,opera
483,avera
484,infra
485,daira
486,beira
487,geira
488,quira
489,bajra
490,vajra
491,kokra
492,tukra
493,agora
494,flora
495,psora
496,lepra
497,copra
498,miqra
499,barra
500,jarra
501,narra
502,sarra
503,serra
504,wirra
505,gorra
506,sorra
507,durra
508,murra
509,surra
510,besra
511,kisra
512,matra
513,metra
514,tetra
515,litra
516,mitra
517,ultra
518,antra
519,gotra
520,dutra
521,sutra
522,extra
523,laura
524,abura
525,ahura
526,mowra
527,tayra
528,akasa
529,guasa
530,paisa
531,beisa
532,balsa
533,hilsa
534,hamsa
535,hansa
536,mensa
537,sensa
538,moosa
539,roosa
540,crosa
541,krosa
542,capsa
543,sarsa
544,bursa
545,massa
546,dessa
547,fossa
548,lyssa
549,arusa
550,beata
551,whata
552,niata
553,riata
554,quata
555,recta
556,dicta
557,rocta
558,theta
559,creta
560,bafta
561,kafta
562,softa
563,keita
564,shita
565,nokta
566,salta
567,delta
568,pelta
569,danta
570,ganta
571,manta
572,nenta
573,penta
574,pinta
575,tinta
576,vinta
577,junta
578,punta
579,ibota
580,deota
581,biota
582,diota
583,niota
584,flota
585,quota
586,septa
587,serta
588,aorta
589,corta
590,porta
591,torta
592,yurta
593,basta
594,hasta
595,testa
596,cista
597,vista
598,costa
599,batta
600,matta
601,patta
602,tatta
603,vitta
604,cotta
605,gutta
606,lytta
607,bauta
608,scuta
609,aluta
610,sputa
611,adyta
612,cadua
613,jagua
614,tagua
615,yagua
616,legua
617,tegua
618,cigua
619,nigua
620,mahua
621,tahua
622,lehua
623,kohua
624,janua
625,genua
626,taqua
627,sequa
628,carua
629,curua
630,citua
631,bhava
632,dhava
633,ajava
634,clava
635,guava
636,sheva
637,breva
638,daiva
639,oliva
640,valva
641,selva
642,silva
643,volva
644,vulva
645,sylva
646,larva
647,sorva
648,murva
649,viuva
650,shewa
651,schwa
652,fulwa
653,kiswa
654,ratwa
655,futwa
656,chaya
657,playa
658,praya
659,vidya
660,tekya
661,banya
662,nonya
663,bunya
664,choya
665,shoya
666,plaza
667,braza
668,guaza
669,balza
670,colza
671,hamza
672,ganza
673,neoza
674,mirza
675,murza
676,kouza
677,pizza
678,huzza
679,staab
680,kebab
681,rebab
682,jelab
683,lulab
684,benab
685,scrab
686,serab
687,shrab
688,dorab
689,nasab
690,kitab
691,squab
692,jawab
693,nawab
694,abwab
695,dhabb
696,stubb
697,cubeb
698,ardeb
699,unweb
700,uayeb
701,sahib
702,hajib
703,jerib
704,enrib
705,squib
706,scolb
707,diamb
708,clamb
709,flamb
710,climb
711,rhomb
712,clomb
713,plomb
714,coomb
715,rhumb
716,thumb
717,plumb
718,crumb
719,cabob
720,nabob
721,rebob
722,begob
723,rohob
724,demob
725,carob
726,scrob
727,rerob
728,throb
729,coarb
730,acerb
731,inorb
732,blurb
733,courb
734,zebub
735,bedub
736,redub
737,undub
738,scrub
739,rerub
740,shrub
741,inrub
742,strub
743,bobac
744,ileac
745,sifac
746,oshac
747,iliac
748,eniac
749,lilac
750,sumac
751,darac
752,couac
753,rebec
754,xebec
755,varec
756,korec
757,cosec
758,cusec
759,vraic
760,rabic
761,tabic
762,orbic
763,urbic
764,cubic
765,pubic
766,mucic
767,sadic
768,medic
769,indic
770,iodic
771,sodic
772,asdic
773,pudic
774,rheic
775,oleic
776,ureic
777,mafic
778,nific
779,elfic
780,magic
781,algic
782,logic
783,orgic
784,ophic
785,ethic
786,malic
787,salic
788,melic
789,relic
790,telic
791,velic
792,bilic
793,colic
794,aulic
795,hylic
796,pylic
797,xylic
798,gamic
799,acmic
800,femic
801,hemic
802,semic
803,ogmic
804,ohmic
805,mimic
806,ulmic
807,comic
808,domic
809,nomic
810,osmic
811,cumic
812,humic
813,zymic
814,manic
815,panic
816,genic
817,dinic
818,pinic
819,vinic
820,amnic
821,conic
822,ionic
823,nonic
824,sonic
825,tonic
826,zonic
827,usnic
828,runic
829,tunic
830,cynic
831,gynic
832,stoic
833,azoic
834,rapic
835,repic
836,sepic
837,topic
838,aspic
839,typic
840,baric
841,daric
842,naric
843,oaric
844,aeric
845,ceric
846,deric
847,xeric
848,boric
849,goric
850,loric
851,moric
852,roric
853,toric
854,auric
855,gyric
856,lyric
857,basic
858,mesic
859,music
860,vatic
861,ictic
862,octic
863,cetic
864,metic
865,antic
866,lotic
867,optic
868,attic
869,butic
870,mutic
871,rutic
872,lytic
873,lavic
874,civic
875,loxic
876,toxic
877,mazic
878,blanc
879,franc
880,bronc
881,tronc
882,adunc
883,baioc
884,manoc
885,taroc
886,siroc
887,moroc
888,estoc
889,thuoc
890,havoc
891,decad
892,cicad
893,cycad
894,bedad
895,adead
896,ahead
897,clead
898,plead
899,knead
900,snead
901,aread
902,bread
903,dread
904,oread
905,tread
906,stead
907,begad
908,jihad
909,unhad
910,naiad
911,triad
912,salad
913,bemad
914,hemad
915,unmad
916,nomad
917,henad
918,lenad
919,ulnad
920,gonad
921,monad
922,scoad
923,shoad
924,broad
925,sepad
926,eupad
927,barad
928,farad
929,garad
930,dorad
931,sprad
932,strad
933,mesad
934,unsad
935,batad
936,ectad
937,octad
938,metad
939,entad
940,squad
941,hexad
942,dryad
943,readd
944,unadd
945,bebed
946,rebed
947,embed
948,imbed
949,unbed
950,lobed
951,mobed
952,orbed
953,faced
954,laced
955,paced
956,faded
957,jaded
958,added
959,hided
960,sided
961,tided
962,ended
963,noded
964,ogeed
965,skeed
966,bleed
967,gleed
968,ameed
969,kneed
970,speed
971,breed
972,creed
973,freed
974,greed
975,treed
976,steed
977,gweed
978,tweed
979,unfed
980,caged
981,waged
982,edged
983,shied
984,skied
985,plied
986,spied
987,cried
988,dried
989,fried
990,pried
991,tried
992,wried
993,ivied
994,baked
995,naked
996,piked
997,unked
998,poked
999,paled
1000,taled
1001,waled
1002,oiled
1003,piled
1004,tiled
1005,unled
1006,boled
1007,urled
1008,axled
1009,ramed
1010,timed
1011,armed
1012,maned
1013,paned
1014,vaned
1015,waned
1016,lined
1017,pined
1018,tined
1019,vined
1020,wined
1021,boned
1022,coned
1023,toned
1024,zoned
1025,runed
1026,tuned
1027,awned
1028,aloed
1029,caped
1030,biped
1031,piped
1032,hoped
1033,eared
1034,oared
1035,acred
1036,cered
1037,shred
1038,fired
1039,hired
1040,tired
1041,wired
1042,unred
1043,cored
1044,lored
1045,pored
1046,tored
1047,pured
1048,based
1049,cased
1050,hosed
1051,nosed
1052,rosed
1053,essed
1054,fused
1055,mused
1056,bated
1057,fated
1058,gated
1059,lated
1060,rated
1061,doted
1062,moted
1063,noted
1064,outed
1065,feued
1066,flued
1067,glued
1068,eaved
1069,saved
1070,waved
1071,lived
1072,coved
1073,jawed
1074,sawed
1075,rewed
1076,sewed
1077,unwed
1078,bowed
1079,dowed
1080,nowed
1081,rowed
1082,vowed
1083,taxed
1084,sexed
1085,vexed
1086,fixed
1087,mixed
1088,bayed
1089,payed
1090,rayed
1091,keyed
1092,dazed
1093,mazed
1094,sized
1095,dozed
1096,plaid
1097,coaid
1098,apaid
1099,spaid
1100,braid
1101,fraid
1102,staid
1103,rabid
1104,tabid
1105,cebid
1106,rebid
1107,unbid
1108,upbid
1109,lucid
1110,mucid
1111,lycid
1112,gadid
1113,madid
1114,undid
1115,ureid
1116,steid
1117,bifid
1118,rigid
1119,algid
1120,unhid
1121,aphid
1122,ethid
1123,maiid
1124,unkid
1125,calid
1126,valid
1127,felid
1128,gelid
1129,unlid
1130,solid
1131,julid
1132,sylid
1133,timid
1134,atmid
1135,humid
1136,tumid
1137,canid
1138,manid
1139,ranid
1140,gonid
1141,ecoid
1142,geoid
1143,aloid
1144,uloid
1145,zooid
1146,aroid
1147,avoid
1148,ovoid
1149,axoid
1150,hyoid
1151,myoid
1152,pyoid
1153,rapid
1154,sapid
1155,vapid
1156,tepid
1157,sipid
1158,barid
1159,carid
1160,larid
1161,marid
1162,acrid
1163,mirid
1164,virid
1165,unrid
1166,uprid
1167,strid
1168,lurid
1169,murid
1170,xyrid
1171,mysid
1172,fetid
1173,nitid
1174,ootid
1175,attid
1176,putid
1177,fluid
1178,equid
1179,squid
1180,druid
1181,pavid
1182,livid
1183,vivid
1184,bovid
1185,covid
1186,ruvid
1187,sayid
1188,scald
1189,heald
1190,weald
1191,woald
1192,spald
1193,awald
1194,neeld
1195,sheld
1196,bield
1197,field
1198,hield
1199,wield
1200,yield
1201,fjeld
1202,child
1203,build
1204,guild
1205,acold
1206,scold
1207,chold
1208,unold
1209,woold
1210,world
1211,cauld
1212,fauld
1213,hauld
1214,sauld
1215,yauld
1216,could
1217,mould
1218,tould
1219,would
1220,fremd
1221,whand
1222,viand
1223,aland
1224,bland
1225,eland
1226,gland
1227,brand
1228,grand
1229,stand
1230,scend
1231,shend
1232,fiend
1233,piend
1234,blend
1235,amend
1236,emend
1237,anend
1238,spend
1239,upend
1240,arend
1241,trend
1242,stend
1243,scind
1244,teind
1245,ahind
1246,blind
1247,poind
1248,grind
1249,frond
1250,stond
1251,ayond
1252,laund
1253,maund
1254,pfund
1255,akund
1256,bound
1257,found
1258,hound
1259,mound
1260,pound
1261,round
1262,sound
1263,wound
1264,ungod
1265,ephod
1266,solod
1267,synod
1268,shood
1269,blood
1270,flood
1271,snood
1272,brood
1273,crood
1274,stood
1275,bipod
1276,oopod
1277,sarod
1278,scrod
1279,sprod
1280,beard
1281,yeard
1282,chard
1283,shard
1284,fiard
1285,liard
1286,board
1287,hoard
1288,guard
1289,award
1290,sward
1291,lyard
1292,izard
1293,swerd
1294,caird
1295,laird
1296,waird
1297,yaird
1298,weird
1299,third
1300,swird
1301,abord
1302,chord
1303,fiord
1304,soord
1305,sword
1306,bourd
1307,gourd
1308,plaud
1309,fraud
1310,rebud
1311,unbud
1312,bemud
1313,almud
1314,numud
1315,aloud
1316,cloud
1317,droud
1318,scawd
1319,crowd
1320,alkyd
1321,sloyd
1322,tubae
1323,algae
1324,aulae
1325,gulae
1326,kanae
1327,ulnae
1328,urnae
1329,marae
1330,scrae
1331,strae
1332,aurae
1333,setae
1334,cavae
1335,ouabe
1336,gobbe
1337,jubbe
1338,glebe
1339,plebe
1340,grebe
1341,blibe
1342,woibe
1343,bribe
1344,tribe
1345,tembe
1346,timbe
1347,pombe
1348,tombe
1349,adobe
1350,globe
1351,probe
1352,barbe
1353,gerbe
1354,daube
1355,maybe
1356,peace
1357,aface
1358,glace
1359,place
1360,apace
1361,space
1362,brace
1363,grace
1364,trace
1365,recce
1366,bocce
1367,meece
1368,niece
1369,piece
1370,spece
1371,grece
1372,beice
1373,deice
1374,shice
1375,skice
1376,slice
1377,amice
1378,unice
1379,voice
1380,spice
1381,grice
1382,price
1383,trice
1384,juice
1385,twice
1386,dance
1387,hance
1388,lance
1389,rance
1390,fence
1391,hence
1392,pence
1393,sence
1394,mince
1395,since
1396,wince
1397,yince
1398,bonce
1399,nonce
1400,ponce
1401,bunce
1402,dunce
1403,ounce
1404,ploce
1405,farce
1406,garce
1407,force
1408,gorce
1409,sauce
1410,educe
1411,deuce
1412,douce
1413,pouce
1414,cruce
1415,truce
1416,shade
1417,blade
1418,glade
1419,slade
1420,spade
1421,erade
1422,grade
1423,irade
1424,trade
1425,stade
1426,suade
1427,evade
1428,mudde
1429,glede
1430,brede
1431,suede
1432,abide
1433,chide
1434,shide
1435,elide
1436,glide
1437,slide
1438,amide
1439,imide
1440,snide
1441,bride
1442,gride
1443,pride
1444,wride
1445,aside
1446,oside
1447,guide
1448,awide
1449,oxide
1450,azide
1451,tilde
1452,bande
1453,kande
1454,wende
1455,ronde
1456,hynde
1457,abode
1458,beode
1459,geode
1460,shode
1461,diode
1462,anode
1463,unode
1464,epode
1465,spode
1466,erode
1467,trode
1468,exode
1469,farde
1470,horde
1471,elude
1472,coude
1473,crude
1474,prude
1475,etude
1476,stude
1477,exude
1478,gryde
1479,albee
1480,emcee
1481,sycee
1482,pedee
1483,urdee
1484,mudee
1485,gagee
1486,ankee
1487,rokee
1488,galee
1489,belee
1490,melee
1491,golee
1492,atlee
1493,aknee
1494,donee
1495,arnee
1496,cooee
1497,tepee
1498,topee
1499,rupee
1500,scree
1501,reree
1502,agree
1503,shree
1504,three
1505,boree
1506,doree
1507,joree
1508,soree
1509,spree
1510,stree
1511,puree
1512,besee
1513,resee
1514,insee
1515,unsee
1516,fusee
1517,citee
1518,tutee
1519,levee
1520,pewee
1521,payee
1522,gazee
1523,razee
1524,tozee
1525,chafe
1526,gaffe
1527,raffe
1528,knife
1529,stife
1530,adage
1531,peage
1532,phage
1533,plage
1534,image
1535,enage
1536,orage
1537,usage
1538,stage
1539,swage
1540,badge
1541,cadge
1542,fadge
1543,gadge
1544,padge
1545,hedge
1546,kedge
1547,ledge
1548,sedge
1549,tedge
1550,wedge
1551,fidge
1552,midge
1553,nidge
1554,ridge
1555,bodge
1556,dodge
1557,fodge
1558,lodge
1559,podge
1560,rodge
1561,wodge
1562,budge
1563,fudge
1564,gudge
1565,judge
1566,nudge
1567,pudge
1568,rudge
1569,wudge
1570,seege
1571,liege
1572,siege
1573,grege
1574,pogge
1575,beige
1576,guige
1577,bilge
1578,bulge
1579,bange
1580,gange
1581,hange
1582,mange
1583,range
1584,binge
1585,dinge
1586,hinge
1587,linge
1588,minge
1589,ringe
1590,singe
1591,tinge
1592,longe
1593,gunge
1594,lunge
1595,munge
1596,agoge
1597,eloge
1598,barge
1599,large
1600,marge
1601,parge
1602,targe
1603,merge
1604,serge
1605,verge
1606,dirge
1607,corge
1608,forge
1609,gorge
1610,porge
1611,gurge
1612,purge
1613,surge
1614,rotge
1615,gauge
1616,bouge
1617,gouge
1618,rouge
1619,vouge
1620,bache
1621,cache
1622,hache
1623,lache
1624,rache
1625,tache
1626,vache
1627,fiche
1628,miche
1629,niche
1630,poche
1631,arche
1632,ruche
1633,pyche
1634,sadhe
1635,sidhe
1636,raphe
1637,ouphe
1638,bathe
1639,lathe
1640,nathe
1641,rathe
1642,rethe
1643,hithe
1644,kithe
1645,lithe
1646,sithe
1647,tithe
1648,withe
1649,cothe
1650,didie
1651,exdie
1652,tydie
1653,fifie
1654,wifie
1655,bogie
1656,dogie
1657,logie
1658,bakie
1659,lakie
1660,fikie
1661,mikie
1662,belie
1663,unlie
1664,folie
1665,damie
1666,ramie
1667,genie
1668,venie
1669,linie
1670,rupie
1671,barie
1672,tarie
1673,aerie
1674,eerie
1675,ferie
1676,norie
1677,arrie
1678,curie
1679,ourie
1680,eyrie
1681,visie
1682,fosie
1683,josie
1684,cusie
1685,musie
1686,tatie
1687,retie
1688,untie
1689,sotie
1690,uptie
1691,cutie
1692,cavie
1693,revie
1694,movie
1695,tawie
1696,bowie
1697,dowie
1698,mowie
1699,yowie
1700,zowie
1701,dixie
1702,jixie
1703,nixie
1704,pixie
1705,pyxie
1706,linje
1707,dorje
1708,shake
1709,blake
1710,flake
1711,slake
1712,snake
1713,arake
1714,brake
1715,crake
1716,drake
1717,stake
1718,quake
1719,awake
1720,wacke
1721,decke
1722,cheke
1723,alike
1724,spike
1725,frike
1726,grike
1727,trike
1728,kakke
1729,tekke
1730,scoke
1731,choke
1732,thoke
1733,bloke
1734,sloke
1735,amoke
1736,smoke
1737,snoke
1738,spoke
1739,broke
1740,proke
1741,troke
1742,wroke
1743,atoke
1744,stoke
1745,evoke
1746,awoke
1747,yarke
1748,corke
1749,burke
1750,fluke
1751,spuke
1752,aruke
1753,bruke
1754,scale
1755,shale
1756,whale
1757,spale
1758,asale
1759,stale
1760,quale
1761,dwale
1762,swale
1763,twale
1764,cable
1765,fable
1766,gable
1767,nable
1768,sable
1769,table
1770,amble
1771,umble
1772,coble
1773,moble
1774,noble
1775,roble
1776,ruble
1777,macle
1778,uncle
1779,socle
1780,cycle
1781,ladle
1782,padle
1783,addle
1784,didle
1785,sidle
1786,bodle
1787,abele
1788,neele
1789,peele
1790,anele
1791,stele
1792,nifle
1793,rifle
1794,eagle
1795,regle
1796,angle
1797,ingle
1798,bogle
1799,fogle
1800,bugle
1801,fugle
1802,ceile
1803,meile
1804,agile
1805,chile
1806,while
1807,smile
1808,anile
1809,voile
1810,spile
1811,crile
1812,stile
1813,utile
1814,guile
1815,ovile
1816,swile
1817,axile
1818,exile
1819,dekle
1820,pikle
1821,ankle
1822,inkle
1823,dalle
1824,salle
1825,belle
1826,mille
1827,ville
1828,molle
1829,nolle
1830,zolle
1831,tulle
1832,wanle
1833,haole
1834,obole
1835,ecole
1836,dhole
1837,shole
1838,thole
1839,whole
1840,amole
1841,anole
1842,spole
1843,stole
1844,duole
1845,azole
1846,maple
1847,saple
1848,tiple
1849,ample
1850,apple
1851,duple
1852,garle
1853,parle
1854,merle
1855,perle
1856,birle
1857,aisle
1858,lisle
1859,arsle
1860,gusle
1861,title
1862,istle
1863,ettle
1864,iztle
1865,akule
1866,boule
1867,joule
1868,moule
1869,atule
1870,ovule
1871,cowle
1872,sowle
1873,chyle
1874,phyle
1875,goyle
1876,hoyle
1877,moyle
1878,style
1879,hazle
1880,aizle
1881,shame
1882,whame
1883,blame
1884,clame
1885,flame
1886,frame
1887,grame
1888,trame
1889,rheme
1890,theme
1891,mneme
1892,breme
1893,queme
1894,sahme
1895,chime
1896,skime
1897,clime
1898,glime
1899,slime
1900,anime
1901,crime
1902,grime
1903,prime
1904,stime
1905,oxime
1906,damme
1907,zimme
1908,momme
1909,pomme
1910,biome
1911,glome
1912,gnome
1913,brome
1914,crome
1915,drome
1916,krome
1917,ferme
1918,forme
1919,horme
1920,disme
1921,neume
1922,flume
1923,glume
1924,plume
1925,spume
1926,brume
1927,grume
1928,chyme
1929,rhyme
1930,thyme
1931,azyme
1932,thane
1933,flane
1934,plane
1935,slane
1936,inane
1937,spane
1938,crane
1939,grane
1940,stane
1941,awane
1942,oxane
1943,scene
1944,phene
1945,diene
1946,skene
1947,amene
1948,irene
1949,ctene
1950,eigne
1951,ligne
1952,gaine
1953,haine
1954,laine
1955,peine
1956,seine
1957,chine
1958,rhine
1959,shine
1960,thine
1961,whine
1962,cline
1963,sline
1964,amine
1965,imine
1966,koine
1967,opine
1968,spine
1969,brine
1970,crine
1971,prine
1972,trine
1973,urine
1974,tsine
1975,stine
1976,suine
1977,avine
1978,ovine
1979,dwine
1980,gwine
1981,swine
1982,twine
1983,axine
1984,azine
1985,panne
1986,benne
1987,renne
1988,tenne
1989,gonne
1990,dunne
1991,gunne
1992,acone
1993,scone
1994,agone
1995,phone
1996,shone
1997,thone
1998,whone
1999,alone
2000,clone
2001,slone
2002,inone
2003,crone
2004,drone
2005,irone
2006,krone
2007,prone
2008,trone
2009,osone
2010,atone
2011,stone
2012,ozone
2013,berne
2014,herne
2015,terne
2016,borne
2017,morne
2018,mesne
2019,visne
2020,reune
2021,shune
2022,biune
2023,prune
2024,atune
2025,layne
2026,bahoe
2027,mahoe
2028,rehoe
2029,pekoe
2030,heloe
2031,meloe
2032,goloe
2033,canoe
2034,throe
2035,scape
2036,agape
2037,chape
2038,shape
2039,slape
2040,knape
2041,snape
2042,crape
2043,drape
2044,grape
2045,swape
2046,crepe
2047,flipe
2048,slipe
2049,snipe
2050,gripe
2051,tripe
2052,stipe
2053,swipe
2054,golpe
2055,molpe
2056,scope
2057,elope
2058,slope
2059,grope
2060,trope
2061,stope
2062,myope
2063,kappe
2064,nappe
2065,rappe
2066,taupe
2067,coupe
2068,loupe
2069,drupe
2070,stupe
2071,blype
2072,clype
2073,flype
2074,slype
2075,scare
2076,chare
2077,phare
2078,share
2079,whare
2080,blare
2081,flare
2082,glare
2083,slare
2084,snare
2085,spare
2086,crare
2087,urare
2088,stare
2089,quare
2090,aware
2091,sware
2092,nacre
2093,secre
2094,lucre
2095,sucre
2096,cadre
2097,padre
2098,cedre
2099,feere
2100,there
2101,where
2102,skere
2103,esere
2104,tsere
2105,stere
2106,twere
2107,bagre
2108,eagre
2109,nigre
2110,bugre
2111,haire
2112,maire
2113,vaire
2114,afire
2115,shire
2116,moire
2117,spire
2118,quire
2119,swire
2120,twire
2121,genre
2122,score
2123,adore
2124,afore
2125,chore
2126,shore
2127,thore
2128,whore
2129,blore
2130,glore
2131,smore
2132,snore
2133,spore
2134,crore
2135,frore
2136,prore
2137,store
2138,swore
2139,cypre
2140,verre
2141,murre
2142,purre
2143,petre
2144,mitre
2145,titre
2146,antre
2147,estre
2148,outre
2149,shure
2150,alure
2151,enure
2152,inure
2153,usure
2154,swure
2155,azure
2156,livre
2157,skyre
2158,abase
2159,scase
2160,cease
2161,gease
2162,lease
2163,mease
2164,tease
2165,chase
2166,phase
2167,whase
2168,ukase
2169,blase
2170,erase
2171,frase
2172,prase
2173,urase
2174,evase
2175,obese
2176,meese
2177,neese
2178,reese
2179,these
2180,raise
2181,taise
2182,waise
2183,peise
2184,seise
2185,anise
2186,hoise
2187,moise
2188,noise
2189,poise
2190,toise
2191,spise
2192,arise
2193,guise
2194,false
2195,halse
2196,salse
2197,valse
2198,gilse
2199,bulse
2200,dulse
2201,mulse
2202,pulse
2203,temse
2204,hanse
2205,manse
2206,panse
2207,cense
2208,dense
2209,mense
2210,sense
2211,tense
2212,rinse
2213,idose
2214,chose
2215,phose
2216,those
2217,whose
2218,biose
2219,diose
2220,alose
2221,close
2222,boose
2223,goose
2224,hoose
2225,loose
2226,moose
2227,noose
2228,arose
2229,brose
2230,erose
2231,prose
2232,lapse
2233,copse
2234,barse
2235,carse
2236,farse
2237,garse
2238,parse
2239,tarse
2240,warse
2241,herse
2242,merse
2243,perse
2244,terse
2245,verse
2246,birse
2247,girse
2248,hirse
2249,corse
2250,gorse
2251,horse
2252,morse
2253,torse
2254,worse
2255,burse
2256,curse
2257,nurse
2258,purse
2259,turse
2260,casse
2261,masse
2262,passe
2263,rasse
2264,tasse
2265,messe
2266,nisse
2267,wisse
2268,cosse
2269,fosse
2270,posse
2271,cause
2272,fause
2273,hause
2274,pause
2275,abuse
2276,scuse
2277,meuse
2278,reuse
2279,skuse
2280,amuse
2281,smuse
2282,unuse
2283,bouse
2284,douse
2285,house
2286,louse
2287,mouse
2288,rouse
2289,souse
2290,touse
2291,youse
2292,cruse
2293,druse
2294,hawse
2295,tawse
2296,dowse
2297,mowse
2298,sowse
2299,pryse
2300,abate
2301,acate
2302,agate
2303,hiate
2304,skate
2305,alate
2306,blate
2307,elate
2308,plate
2309,slate
2310,enate
2311,spate
2312,crate
2313,drate
2314,grate
2315,irate
2316,orate
2317,prate
2318,urate
2319,otate
2320,state
2321,ovate
2322,uvate
2323,hecte
2324,skete
2325,slete
2326,arete
2327,idite
2328,white
2329,skite
2330,alite
2331,blite
2332,clite
2333,elite
2334,flite
2335,slite
2336,smite
2337,snite
2338,unite
2339,spite
2340,arite
2341,trite
2342,urite
2343,write
2344,stite
2345,quite
2346,suite
2347,twite
2348,axite
2349,exite
2350,velte
2351,zante
2352,pinte
2353,conte
2354,monte
2355,ocote
2356,scote
2357,shote
2358,clote
2359,plote
2360,slote
2361,emote
2362,smote
2363,prote
2364,wrote
2365,quote
2366,azote
2367,izote
2368,carte
2369,forte
2370,baste
2371,caste
2372,haste
2373,paste
2374,taste
2375,waste
2376,geste
2377,peste
2378,teste
2379,weste
2380,wiste
2381,moste
2382,tyste
2383,matte
2384,patte
2385,kette
2386,cotte
2387,motte
2388,butte
2389,gutte
2390,saute
2391,acute
2392,scute
2393,meute
2394,chute
2395,whute
2396,elute
2397,flute
2398,foute
2399,route
2400,brute
2401,sowte
2402,sixte
2403,imbue
2404,redue
2405,endue
2406,indue
2407,undue
2408,lieue
2409,queue
2410,vague
2411,bogue
2412,cogue
2413,rogue
2414,togue
2415,vogue
2416,argue
2417,orgue
2418,fugue
2419,value
2420,venue
2421,ocque
2422,fique
2423,pique
2424,coque
2425,roque
2426,toque
2427,usque
2428,nuque
2429,tuque
2430,adrue
2431,sprue
2432,strue
2433,resue
2434,ensue
2435,issue
2436,intue
2437,bevue
2438,revue
2439,abave
2440,deave
2441,heave
2442,leave
2443,reave
2444,seave
2445,teave
2446,weave
2447,shave
2448,thave
2449,djave
2450,njave
2451,clave
2452,slave
2453,knave
2454,goave
2455,loave
2456,spave
2457,brave
2458,crave
2459,grave
2460,trave
2461,stave
2462,quave
2463,suave
2464,awave
2465,beeve
2466,keeve
2467,peeve
2468,reeve
2469,cheve
2470,lieve
2471,nieve
2472,sieve
2473,cleve
2474,breve
2475,naive
2476,waive
2477,ogive
2478,chive
2479,shive
2480,skive
2481,alive
2482,clive
2483,olive
2484,slive
2485,drive
2486,wrive
2487,stive
2488,calve
2489,halve
2490,salve
2491,valve
2492,belve
2493,delve
2494,helve
2495,solve
2496,wolve
2497,above
2498,scove
2499,shove
2500,clove
2501,glove
2502,amove
2503,hoove
2504,roove
2505,drove
2506,grove
2507,prove
2508,trove
2509,stove
2510,carve
2511,larve
2512,tarve
2513,varve
2514,warve
2515,nerve
2516,serve
2517,verve
2518,kirve
2519,tirve
2520,torve
2521,curve
2522,fauve
2523,mauve
2524,sauve
2525,wauve
2526,veuve
2527,youve
2528,adawe
2529,keawe
2530,alowe
2531,knowe
2532,bedye
2533,redye
2534,undye
2535,kieye
2536,uneye
2537,oxeye
2538,cunye
2539,barye
2540,abaze
2541,feaze
2542,teaze
2543,agaze
2544,blaze
2545,glaze
2546,amaze
2547,smaze
2548,braze
2549,craze
2550,fraze
2551,graze
2552,buaze
2553,itcze
2554,feeze
2555,heeze
2556,neeze
2557,weeze
2558,baize
2559,gaize
2560,maize
2561,ecize
2562,seize
2563,frize
2564,prize
2565,zanze
2566,winze
2567,bonze
2568,adoze
2569,gloze
2570,booze
2571,croze
2572,froze
2573,furze
2574,metze
2575,gauze
2576,amuze
2577,youze
2578,bozze
2579,sheaf
2580,kenaf
2581,daraf
2582,saraf
2583,taraf
2584,shraf
2585,chief
2586,thief
2587,brief
2588,grief
2589,ganef
2590,abaff
2591,scaff
2592,chaff
2593,skaff
2594,blaff
2595,flaff
2596,snaff
2597,draff
2598,graff
2599,staff
2600,quaff
2601,whiff
2602,skiff
2603,cliff
2604,gliff
2605,sniff
2606,spiff
2607,griff
2608,stiff
2609,quiff
2610,scoff
2611,feoff
2612,cloff
2613,groff
2614,stoff
2615,barff
2616,scuff
2617,chuff
2618,shuff
2619,whuff
2620,bluff
2621,cluff
2622,fluff
2623,pluff
2624,snuff
2625,youff
2626,gruff
2627,truff
2628,stuff
2629,howff
2630,skeif
2631,wakif
2632,hanif
2633,sarif
2634,serif
2635,motif
2636,shelf
2637,skelf
2638,shilf
2639,whoof
2640,aloof
2641,cloof
2642,spoof
2643,proof
2644,stoof
2645,scarf
2646,tharf
2647,wharf
2648,dwarf
2649,swarf
2650,scurf
2651,shurf
2652,grouf
2653,scruf
2654,rebag
2655,unbag
2656,tweag
2657,ungag
2658,adjag
2659,scrag
2660,shrag
2661,sprag
2662,strag
2663,betag
2664,retag
2665,rebeg
2666,skeeg
2667,tweeg
2668,upleg
2669,hyleg
2670,reneg
2671,repeg
2672,unpeg
2673,tubig
2674,redig
2675,undig
2676,bejig
2677,banig
2678,rerig
2679,unrig
2680,sprig
2681,strig
2682,sluig
2683,bewig
2684,unwig
2685,laang
2686,bhang
2687,chang
2688,whang
2689,kiang
2690,liang
2691,tiang
2692,clang
2693,plang
2694,slang
2695,amang
2696,spang
2697,drang
2698,orang
2699,wrang
2700,stang
2701,muang
2702,dwang
2703,swang
2704,twang
2705,cheng
2706,sheng
2707,areng
2708,dreng
2709,kreng
2710,steng
2711,icing
2712,being
2713,aging
2714,ching
2715,thing
2716,whing
2717,eking
2718,cling
2719,fling
2720,sling
2721,doing
2722,going
2723,aping
2724,bring
2725,wring
2726,sting
2727,ruing
2728,suing
2729,awing
2730,owing
2731,swing
2732,dying
2733,eying
2734,hying
2735,lying
2736,tying
2737,vying
2738,ahong
2739,thong
2740,along
2741,flong
2742,among
2743,spong
2744,prong
2745,wrong
2746,stong
2747,thung
2748,clung
2749,flung
2750,slung
2751,young
2752,spung
2753,drung
2754,wrung
2755,stung
2756,swung
2757,tabog
2758,bebog
2759,embog
2760,unbog
2761,incog
2762,bedog
2763,undog
2764,befog
2765,defog
2766,scrog
2767,shrog
2768,bourg
2769,undug
2770,almug
2771,shrug
2772,okrug
2773,sprug
2774,subah
2775,obeah
2776,theah
2777,idgah
2778,ephah
2779,rajah
2780,bekah
2781,galah
2782,belah
2783,selah
2784,kilah
2785,omlah
2786,kulah
2787,kinah
2788,parah
2789,derah
2790,gerah
2791,agrah
2792,corah
2793,torah
2794,arrah
2795,surah
2796,latah
2797,getah
2798,sawah
2799,wawah
2800,beach
2801,keach
2802,leach
2803,peach
2804,reach
2805,teach
2806,coach
2807,loach
2808,poach
2809,roach
2810,brach
2811,orach
2812,ruach
2813,beech
2814,keech
2815,leech
2816,seech
2817,stech
2818,laich
2819,taich
2820,which
2821,slich
2822,smich
2823,prich
2824,stich
2825,halch
2826,palch
2827,belch
2828,melch
2829,bilch
2830,filch
2831,hilch
2832,milch
2833,pilch
2834,gulch
2835,mulch
2836,canch
2837,ganch
2838,hanch
2839,ranch
2840,bench
2841,kench
2842,lench
2843,tench
2844,wench
2845,cinch
2846,finch
2847,hinch
2848,kinch
2849,linch
2850,pinch
2851,rinch
2852,winch
2853,conch
2854,bunch
2855,dunch
2856,hunch
2857,lunch
2858,munch
2859,nunch
2860,punch
2861,runch
2862,lynch
2863,synch
2864,hooch
2865,mooch
2866,pooch
2867,epoch
2868,broch
2869,azoch
2870,karch
2871,larch
2872,march
2873,parch
2874,warch
2875,merch
2876,perch
2877,birch
2878,porch
2879,torch
2880,curch
2881,lurch
2882,nasch
2883,bosch
2884,batch
2885,catch
2886,datch
2887,gatch
2888,hatch
2889,latch
2890,match
2891,natch
2892,patch
2893,ratch
2894,watch
2895,fetch
2896,ketch
2897,letch
2898,retch
2899,tetch
2900,vetch
2901,aitch
2902,bitch
2903,ditch
2904,fitch
2905,hitch
2906,litch
2907,nitch
2908,pitch
2909,sitch
2910,witch
2911,botch
2912,cotch
2913,fotch
2914,gotch
2915,hotch
2916,notch
2917,potch
2918,rotch
2919,butch
2920,cutch
2921,dutch
2922,hutch
2923,mutch
2924,rutch
2925,bauch
2926,cauch
2927,wauch
2928,leuch
2929,couch
2930,louch
2931,pouch
2932,touch
2933,vouch
2934,wouch
2935,mowch
2936,psych
2937,fardh
2938,keleh
2939,kileh
2940,kaneh
2941,gareh
2942,sereh
2943,quegh
2944,laigh
2945,heigh
2946,neigh
2947,weigh
2948,thigh
2949,anigh
2950,singh
2951,drogh
2952,bargh
2953,mergh
2954,borgh
2955,burgh
2956,faugh
2957,haugh
2958,laugh
2959,maugh
2960,saugh
2961,waugh
2962,heugh
2963,seugh
2964,bough
2965,cough
2966,dough
2967,hough
2968,jough
2969,lough
2970,rough
2971,sough
2972,tough
2973,wough
2974,brugh
2975,sirih
2976,depoh
2977,graph
2978,aleph
2979,ralph
2980,sylph
2981,yamph
2982,humph
2983,sumph
2984,lymph
2985,nymph
2986,morph
2987,glyph
2988,myrrh
2989,raash
2990,abash
2991,deash
2992,leash
2993,blash
2994,clash
2995,flash
2996,plash
2997,slash
2998,smash
2999,gnash
3000,brash
3001,crash
3002,trash
3003,stash
3004,quash
3005,awash
3006,swash
3007,weesh
3008,liesh
3009,flesh
3010,fresh
3011,naish
3012,shish
3013,whish
3014,alish
3015,slish
3016,apish
3017,swish
3018,walsh
3019,welsh
3020,bilsh
3021,bensh
3022,closh
3023,flosh
3024,klosh
3025,slosh
3026,hoosh
3027,toosh
3028,woosh
3029,sposh
3030,frosh
3031,stosh
3032,swosh
3033,harsh
3034,marsh
3035,girsh
3036,agush
3037,ahush
3038,shush
3039,whush
3040,blush
3041,flush
3042,plush
3043,slush
3044,smush
3045,brush
3046,crush
3047,frush
3048,grush
3049,trush
3050,beath
3051,death
3052,heath
3053,leath
3054,neath
3055,slath
3056,snath
3057,loath
3058,wrath
3059,tuath
3060,swath
3061,cyath
3062,sidth
3063,width
3064,beeth
3065,teeth
3066,cheth
3067,sheth
3068,smeth
3069,breth
3070,fifth
3071,baith
3072,faith
3073,meith
3074,smith
3075,brith
3076,crith
3077,frith
3078,grith
3079,writh
3080,stith
3081,swith
3082,walth
3083,filth
3084,tilth
3085,illth
3086,fulth
3087,lenth
3088,tenth
3089,ninth
3090,month
3091,cloth
3092,sloth
3093,booth
3094,mooth
3095,sooth
3096,tooth
3097,broth
3098,froth
3099,troth
3100,wroth
3101,quoth
3102,azoth
3103,depth
3104,barth
3105,earth
3106,garth
3107,warth
3108,yarth
3109,berth
3110,yerth
3111,birth
3112,firth
3113,girth
3114,mirth
3115,yirth
3116,forth
3117,morth
3118,north
3119,worth
3120,couth
3121,fouth
3122,mouth
3123,routh
3124,south
3125,youth
3126,cruth
3127,truth
3128,lewth
3129,lowth
3130,mowth
3131,sixth
3132,smyth
3133,dryth
3134,schuh
3135,babai
3136,tchai
3137,balai
3138,sanai
3139,tenai
3140,kunai
3141,kapai
3142,serai
3143,zirai
3144,assai
3145,matai
3146,towai
3147,awabi
3148,rabbi
3149,yabbi
3150,akebi
3151,alibi
3152,oribi
3153,iambi
3154,nimbi
3155,zimbi
3156,zombi
3157,kumbi
3158,dhobi
3159,harbi
3160,karbi
3161,cocci
3162,succi
3163,croci
3164,cerci
3165,khadi
3166,gaddi
3167,bredi
3168,abidi
3169,soldi
3170,bandi
3171,nandi
3172,fundi
3173,gundi
3174,hundi
3175,scudi
3176,kibei
3177,balei
3178,manei
3179,copei
3180,nisei
3181,issei
3182,tragi
3183,puggi
3184,langi
3185,mangi
3186,pangi
3187,tangi
3188,tingi
3189,fungi
3190,lungi
3191,pungi
3192,shogi
3193,vergi
3194,corgi
3195,shahi
3196,spahi
3197,avahi
3198,machi
3199,lichi
3200,pichi
3201,stchi
3202,bodhi
3203,kashi
3204,rishi
3205,imshi
3206,joshi
3207,bushi
3208,hathi
3209,lithi
3210,uluhi
3211,socii
3212,ascii
3213,radii
3214,aalii
3215,genii
3216,torii
3217,hadji
3218,shoji
3219,khaki
3220,kiaki
3221,gucki
3222,cheki
3223,wheki
3224,akeki
3225,sirki
3226,koali
3227,urali
3228,duali
3229,chili
3230,bakli
3231,balli
3232,calli
3233,palli
3234,dilli
3235,pulli
3236,danli
3237,choli
3238,tholi
3239,anoli
3240,dooli
3241,pooli
3242,marli
3243,rauli
3244,agami
3245,swami
3246,elemi
3247,pahmi
3248,animi
3249,zemmi
3250,zimmi
3251,nummi
3252,goumi
3253,alani
3254,amani
3255,amini
3256,zemni
3257,penni
3258,jinni
3259,nunni
3260,dhoni
3261,logoi
3262,auloi
3263,ainoi
3264,shooi
3265,baroi
3266,ngapi
3267,okapi
3268,palpi
3269,sampi
3270,tempi
3271,rimpi
3272,pappi
3273,tawpi
3274,acari
3275,ajari
3276,urari
3277,bidri
3278,indri
3279,ardri
3280,dheri
3281,steri
3282,uteri
3283,dairi
3284,umiri
3285,bajri
3286,kukri
3287,haori
3288,mbori
3289,karri
3290,tarri
3291,berri
3292,ferri
3293,cirri
3294,kauri
3295,piuri
3296,houri
3297,udasi
3298,quasi
3299,tulsi
3300,sansi
3301,lapsi
3302,tarsi
3303,adati
3304,chati
3305,coati
3306,arati
3307,zabti
3308,cacti
3309,recti
3310,laeti
3311,jufti
3312,mufti
3313,mukti
3314,bolti
3315,tanti
3316,punti
3317,dhoti
3318,sesti
3319,bisti
3320,kusti
3321,xysti
3322,matti
3323,ratti
3324,gutti
3325,tutti
3326,sruti
3327,tugui
3328,kukui
3329,ennui
3330,maqui
3331,cequi
3332,jiqui
3333,fotui
3334,atavi
3335,kaiwi
3336,awiwi
3337,pauxi
3338,ghazi
3339,sabzi
3340,knezi
3341,bezzi
3342,samaj
3343,nabak
3344,kodak
3345,aleak
3346,bleak
3347,sneak
3348,apeak
3349,speak
3350,break
3351,creak
3352,freak
3353,wreak
3354,steak
3355,queak
3356,tweak
3357,umiak
3358,talak
3359,oolak
3360,bulak
3361,kulak
3362,banak
3363,tanak
3364,konak
3365,cloak
3366,croak
3367,asoak
3368,oopak
3369,yarak
3370,borak
3371,kayak
3372,chyak
3373,aback
3374,chack
3375,shack
3376,thack
3377,whack
3378,kiack
3379,alack
3380,black
3381,clack
3382,flack
3383,glack
3384,plack
3385,slack
3386,smack
3387,knack
3388,snack
3389,spack
3390,brack
3391,crack
3392,frack
3393,track
3394,wrack
3395,stack
3396,quack
3397,swack
3398,kyack
3399,check
3400,bleck
3401,cleck
3402,fleck
3403,pleck
3404,sleck
3405,sneck
3406,speck
3407,breck
3408,freck
3409,wreck
3410,chick
3411,thick
3412,whick
3413,blick
3414,click
3415,flick
3416,slick
3417,knick
3418,snick
3419,hoick
3420,yoick
3421,spick
3422,brick
3423,crick
3424,prick
3425,trick
3426,wrick
3427,stick
3428,utick
3429,quick
3430,avick
3431,swick
3432,twick
3433,acock
3434,chock
3435,shock
3436,block
3437,clock
3438,flock
3439,plock
3440,slock
3441,smock
3442,knock
3443,snock
3444,arock
3445,brock
3446,crock
3447,frock
3448,trock
3449,stock
3450,chuck
3451,shuck
3452,cluck
3453,gluck
3454,pluck
3455,amuck
3456,snuck
3457,cruck
3458,truck
3459,stuck
3460,cheek
3461,theek
3462,cleek
3463,gleek
3464,sleek
3465,smeek
3466,areek
3467,breek
3468,creek
3469,steek
3470,aweek
3471,kelek
3472,snoek
3473,sapek
3474,akpek
3475,tupek
3476,terek
3477,verek
3478,glaik
3479,smaik
3480,spaik
3481,fraik
3482,traik
3483,tubik
3484,sheik
3485,malik
3486,kamik
3487,tupik
3488,batik
3489,chalk
3490,stalk
3491,whelk
3492,spelk
3493,thilk
3494,whilk
3495,whulk
3496,skulk
3497,naumk
3498,chank
3499,shank
3500,thank
3501,whank
3502,blank
3503,clank
3504,flank
3505,plank
3506,slank
3507,spank
3508,brank
3509,crank
3510,drank
3511,frank
3512,grank
3513,prank
3514,trank
3515,stank
3516,swank
3517,twank
3518,deink
3519,chink
3520,think
3521,skink
3522,blink
3523,clink
3524,glink
3525,slink
3526,spink
3527,brink
3528,crink
3529,drink
3530,prink
3531,trink
3532,stink
3533,quink
3534,awink
3535,swink
3536,twink
3537,slonk
3538,boonk
3539,bronk
3540,cronk
3541,chunk
3542,skunk
3543,blunk
3544,clunk
3545,flunk
3546,plunk
3547,slunk
3548,spunk
3549,crunk
3550,drunk
3551,trunk
3552,stunk
3553,gudok
3554,shook
3555,plook
3556,smook
3557,snook
3558,spook
3559,brook
3560,crook
3561,stook
3562,kapok
3563,yapok
3564,marok
3565,tarok
3566,hawok
3567,bayok
3568,chark
3569,shark
3570,clark
3571,knark
3572,snark
3573,unark
3574,spark
3575,stark
3576,quark
3577,clerk
3578,sterk
3579,chirk
3580,shirk
3581,smirk
3582,stirk
3583,quirk
3584,twirk
3585,snork
3586,stork
3587,awork
3588,sturk
3589,abask
3590,reask
3591,flask
3592,reesk
3593,whisk
3594,flisk
3595,glisk
3596,brisk
3597,drisk
3598,frisk
3599,mensk
3600,kiosk
3601,torsk
3602,adusk
3603,flusk
3604,chauk
3605,whauk
3606,stauk
3607,quauk
3608,makuk
3609,taluk
3610,scouk
3611,plouk
3612,drouk
3613,ursuk
3614,utsuk
3615,chawk
3616,clawk
3617,drawk
3618,quawk
3619,chowk
3620,snowk
3621,reaal
3622,kraal
3623,cabal
3624,lobal
3625,bubal
3626,pubal
3627,tubal
3628,jacal
3629,yacal
3630,decal
3631,fecal
3632,pical
3633,tical
3634,bocal
3635,focal
3636,local
3637,vocal
3638,ducal
3639,nucal
3640,oadal
3641,abdal
3642,medal
3643,pedal
3644,nidal
3645,tidal
3646,modal
3647,nodal
3648,podal
3649,ideal
3650,pheal
3651,sheal
3652,wheal
3653,zoeal
3654,speal
3655,areal
3656,ureal
3657,steal
3658,queal
3659,uveal
3660,sweal
3661,offal
3662,vagal
3663,legal
3664,regal
3665,algal
3666,dogal
3667,nogal
3668,argal
3669,ergal
3670,dugal
3671,fugal
3672,gugal
3673,jugal
3674,pygal
3675,zygal
3676,ethal
3677,phial
3678,glial
3679,ilial
3680,inial
3681,trial
3682,urial
3683,axial
3684,bakal
3685,halal
3686,salal
3687,velal
3688,molal
3689,hamal
3690,ramal
3691,demal
3692,hemal
3693,rimal
3694,simal
3695,comal
3696,domal
3697,romal
3698,somal
3699,ismal
3700,cumal
3701,rumal
3702,banal
3703,canal
3704,fanal
3705,manal
3706,ranal
3707,genal
3708,penal
3709,renal
3710,venal
3711,binal
3712,final
3713,sinal
3714,uinal
3715,vinal
3716,annal
3717,conal
3718,gonal
3719,monal
3720,tonal
3721,zonal
3722,urnal
3723,dunal
3724,shoal
3725,skoal
3726,proal
3727,napal
3728,papal
3729,sepal
3730,tepal
3731,pipal
3732,ripal
3733,copal
3734,nopal
3735,popal
3736,pupal
3737,typal
3738,maral
3739,ceral
3740,feral
3741,seral
3742,agral
3743,viral
3744,boral
3745,coral
3746,goral
3747,horal
3748,loral
3749,moral
3750,poral
3751,roral
3752,soral
3753,toral
3754,aural
3755,dural
3756,fural
3757,jural
3758,lural
3759,mural
3760,rural
3761,sural
3762,gyral
3763,pyral
3764,basal
3765,casal
3766,nasal
3767,oasal
3768,vasal
3769,mesal
3770,sisal
3771,rosal
3772,ursal
3773,ossal
3774,musal
3775,fatal
3776,natal
3777,ratal
3778,ectal
3779,fetal
3780,ketal
3781,metal
3782,petal
3783,setal
3784,dital
3785,vital
3786,antal
3787,ental
3788,ontal
3789,dotal
3790,kotal
3791,notal
3792,rotal
3793,total
3794,votal
3795,artal
3796,equal
3797,usual
3798,caval
3799,naval
3800,nival
3801,rival
3802,arval
3803,ahwal
3804,cowal
3805,nexal
3806,coxal
3807,noxal
3808,bayal
3809,dayal
3810,gayal
3811,dhyal
3812,riyal
3813,loyal
3814,royal
3815,sizal
3816,bozal
3817,kabel
3818,label
3819,nebel
3820,rebel
3821,gibel
3822,libel
3823,umbel
3824,excel
3825,bedel
3826,jodel
3827,model
3828,yodel
3829,tudel
3830,jheel
3831,wheel
3832,skeel
3833,kneel
3834,speel
3835,areel
3836,creel
3837,steel
3838,aweel
3839,tweel
3840,refel
3841,bagel
3842,angel
3843,argel
3844,kugel
3845,mohel
3846,ethel
3847,shiel
3848,spiel
3849,ariel
3850,oriel
3851,bejel
3852,pikel
3853,yokel
3854,camel
3855,hamel
3856,lamel
3857,samel
3858,wamel
3859,gemel
3860,lemel
3861,gimel
3862,gymel
3863,canel
3864,panel
3865,agnel
3866,cinel
3867,monel
3868,choel
3869,capel
3870,lapel
3871,repel
3872,impel
3873,cupel
3874,expel
3875,parel
3876,kerel
3877,merel
3878,forel
3879,morel
3880,burel
3881,jurel
3882,xurel
3883,easel
3884,wasel
3885,sisel
3886,amsel
3887,hosel
3888,losel
3889,rosel
3890,orsel
3891,mysel
3892,batel
3893,patel
3894,ratel
3895,betel
3896,metel
3897,tetel
3898,hotel
3899,motel
3900,artel
3901,cruel
3902,gruel
3903,cavel
3904,gavel
3905,havel
3906,navel
3907,ravel
3908,bevel
3909,kevel
3910,level
3911,nevel
3912,revel
3913,divel
3914,rivel
3915,hovel
3916,novel
3917,arvel
3918,hewel
3919,jewel
3920,newel
3921,tewel
3922,bowel
3923,dowel
3924,howel
3925,jowel
3926,nowel
3927,rowel
3928,sowel
3929,towel
3930,vowel
3931,gazel
3932,hazel
3933,bezel
3934,ouzel
3935,peuhl
3936,flail
3937,snail
3938,brail
3939,drail
3940,frail
3941,grail
3942,trail
3943,quail
3944,avail
3945,cebil
3946,decil
3947,tweil
3948,sigil
3949,vigil
3950,argil
3951,pugil
3952,tahil
3953,vakil
3954,kokil
3955,armil
3956,aumil
3957,nymil
3958,aboil
3959,reoil
3960,choil
3961,anoil
3962,enoil
3963,unoil
3964,spoil
3965,broil
3966,pupil
3967,meril
3968,peril
3969,zoril
3970,furil
3971,basil
3972,fusil
3973,datil
3974,fatil
3975,intil
3976,until
3977,cavil
3978,devil
3979,civil
3980,anvil
3981,kovil
3982,vexil
3983,scall
3984,shall
3985,small
3986,spall
3987,stall
3988,myall
3989,udell
3990,shell
3991,skell
3992,smell
3993,knell
3994,snell
3995,spell
3996,stell
3997,quell
3998,dwell
3999,swell
4000,chill
4001,shill
4002,thill
4003,whill
4004,skill
4005,spill
4006,brill
4007,drill
4008,frill
4009,grill
4010,prill
4011,trill
4012,still
4013,quill
4014,swill
4015,twill
4016,knoll
4017,broll
4018,droll
4019,troll
4020,atoll
4021,scull
4022,ahull
4023,skull
4024,trull
4025,stull
4026,cibol
4027,ledol
4028,aldol
4029,codol
4030,iodol
4031,segol
4032,rigol
4033,argol
4034,cohol
4035,thiol
4036,uviol
4037,salol
4038,xylol
4039,hemol
4040,cumol
4041,jhool
4042,shool
4043,spool
4044,brool
4045,crool
4046,drool
4047,stool
4048,carol
4049,parol
4050,pirol
4051,enrol
4052,corol
4053,eusol
4054,ketol
4055,sotol
4056,extol
4057,coyol
4058,pearl
4059,wharl
4060,gnarl
4061,snarl
4062,quarl
4063,querl
4064,shirl
4065,thirl
4066,whirl
4067,skirl
4068,snirl
4069,quirl
4070,swirl
4071,twirl
4072,ceorl
4073,whorl
4074,churl
4075,thurl
4076,knurl
4077,snurl
4078,spurl
4079,topsl
4080,scaul
4081,shaul
4082,miaul
4083,babul
4084,jabul
4085,picul
4086,ticul
4087,awful
4088,jokul
4089,gemul
4090,manul
4091,annul
4092,afoul
4093,dhoul
4094,ghoul
4095,tapul
4096,ampul
4097,pasul
4098,scawl
4099,chawl
4100,shawl
4101,brawl
4102,crawl
4103,drawl
4104,trawl
4105,wrawl
4106,whewl
4107,skewl
4108,scowl
4109,snowl
4110,crowl
4111,frowl
4112,growl
4113,prowl
4114,sibyl
4115,decyl
4116,indyl
4117,ethyl
4118,alkyl
4119,valyl
4120,silyl
4121,allyl
4122,tolyl
4123,xylyl
4124,cumyl
4125,xenyl
4126,pinyl
4127,vinyl
4128,nonyl
4129,caryl
4130,acryl
4131,idryl
4132,beryl
4133,ceryl
4134,boryl
4135,coryl
4136,auryl
4137,duryl
4138,furyl
4139,desyl
4140,arsyl
4141,octyl
4142,cetyl
4143,ketyl
4144,butyl
4145,rutyl
4146,hexyl
4147,praam
4148,cacam
4149,madam
4150,undam
4151,abeam
4152,wheam
4153,cleam
4154,fleam
4155,gleam
4156,bream
4157,cream
4158,dream
4159,fream
4160,steam
4161,faham
4162,ogham
4163,unjam
4164,hakam
4165,kokam
4166,belam
4167,melam
4168,fanam
4169,ganam
4170,senam
4171,afoam
4172,cloam
4173,gloam
4174,param
4175,scram
4176,ihram
4177,shram
4178,thram
4179,unram
4180,coram
4181,stram
4182,agsam
4183,kusam
4184,squam
4185,nizam
4186,adeem
4187,wheem
4188,creem
4189,begem
4190,engem
4191,golem
4192,xylem
4193,proem
4194,harem
4195,herem
4196,mesem
4197,retem
4198,totem
4199,autem
4200,novem
4201,abohm
4202,pashm
4203,claim
4204,bedim
4205,aldim
4206,undim
4207,hakim
4208,sclim
4209,gilim
4210,kilim
4211,denim
4212,minim
4213,abrim
4214,scrim
4215,gerim
4216,aswim
4217,maxim
4218,goyim
4219,nazim
4220,realm
4221,whalm
4222,smalm
4223,psalm
4224,qualm
4225,dwalm
4226,whelm
4227,haulm
4228,stulm
4229,dramm
4230,idiom
4231,axiom
4232,bokom
4233,genom
4234,venom
4235,odoom
4236,ghoom
4237,thoom
4238,bloom
4239,gloom
4240,sloom
4241,spoom
4242,broom
4243,froom
4244,groom
4245,carom
4246,agrom
4247,strom
4248,besom
4249,bosom
4250,buxom
4251,bearm
4252,rearm
4253,charm
4254,tharm
4255,alarm
4256,smarm
4257,enarm
4258,inarm
4259,unarm
4260,sparm
4261,uparm
4262,swarm
4263,therm
4264,inerm
4265,sperm
4266,fairm
4267,chirm
4268,enorm
4269,storm
4270,churm
4271,thurm
4272,chasm
4273,phasm
4274,miasm
4275,plasm
4276,spasm
4277,deism
4278,seism
4279,weism
4280,zeism
4281,zoism
4282,apism
4283,prism
4284,tuism
4285,ovism
4286,abysm
4287,scaum
4288,glaum
4289,slaum
4290,sebum
4291,album
4292,tecum
4293,jocum
4294,locum
4295,tucum
4296,pedum
4297,sedum
4298,odeum
4299,rheum
4300,ileum
4301,sagum
4302,begum
4303,degum
4304,algum
4305,ungum
4306,bogum
4307,jugum
4308,odium
4309,ilium
4310,onium
4311,opium
4312,oakum
4313,hokum
4314,kokum
4315,mokum
4316,velum
4317,hilum
4318,pilum
4319,solum
4320,lanum
4321,donum
4322,garum
4323,scrum
4324,serum
4325,thrum
4326,forum
4327,jorum
4328,lorum
4329,strum
4330,utrum
4331,aurum
4332,kusum
4333,datum
4334,notum
4335,totum
4336,nexum
4337,rozum
4338,shawm
4339,crawm
4340,didym
4341,enzym
4342,caban
4343,leban
4344,reban
4345,alban
4346,amban
4347,imban
4348,goban
4349,koban
4350,urban
4351,macan
4352,decan
4353,pecan
4354,ascan
4355,badan
4356,redan
4357,sedan
4358,pidan
4359,indan
4360,paean
4361,ocean
4362,skean
4363,clean
4364,glean
4365,spean
4366,stean
4367,quean
4368,befan
4369,refan
4370,tufan
4371,lagan
4372,pagan
4373,wigan
4374,bogan
4375,hogan
4376,rogan
4377,zogan
4378,organ
4379,bugan
4380,sugan
4381,bahan
4382,yahan
4383,lohan
4384,rohan
4385,apian
4386,irian
4387,avian
4388,bajan
4389,bejan
4390,anjan
4391,yojan
4392,dujan
4393,rakan
4394,wakan
4395,pekan
4396,kokan
4397,uhlan
4398,kilan
4399,allan
4400,solan
4401,tolan
4402,yulan
4403,xylan
4404,caman
4405,daman
4406,jaman
4407,saman
4408,zaman
4409,adman
4410,beman
4411,leman
4412,reman
4413,teman
4414,liman
4415,amman
4416,unman
4417,toman
4418,woman
4419,urman
4420,atman
4421,human
4422,axman
4423,oxman
4424,tanan
4425,sloan
4426,groan
4427,japan
4428,sapan
4429,varan
4430,scran
4431,airan
4432,goran
4433,loran
4434,toran
4435,buran
4436,furan
4437,pyran
4438,hasan
4439,pasan
4440,sasan
4441,besan
4442,ahsan
4443,catan
4444,satan
4445,octan
4446,retan
4447,witan
4448,notan
4449,rotan
4450,lauan
4451,pavan
4452,divan
4453,elvan
4454,dewan
4455,sewan
4456,aiwan
4457,liwan
4458,unwan
4459,gowan
4460,lowan
4461,rowan
4462,sowan
4463,towan
4464,geyan
4465,coyan
4466,koyan
4467,styan
4468,arzan
4469,deben
4470,faden
4471,laden
4472,beden
4473,leden
4474,riden
4475,widen
4476,olden
4477,unden
4478,boden
4479,rheen
4480,sheen
4481,wheen
4482,skeen
4483,ameen
4484,speen
4485,creen
4486,green
4487,preen
4488,treen
4489,steen
4490,queen
4491,tween
4492,safen
4493,lagen
4494,augen
4495,behen
4496,ashen
4497,chien
4498,alien
4499,baken
4500,oaken
4501,taken
4502,waken
4503,liken
4504,inken
4505,unken
4506,soken
4507,token
4508,tyken
4509,silen
4510,solen
4511,samen
4512,yamen
4513,hemen
4514,semen
4515,limen
4516,vimen
4517,lumen
4518,numen
4519,rumen
4520,hymen
4521,linen
4522,tapen
4523,bepen
4524,repen
4525,ripen
4526,impen
4527,unpen
4528,copen
4529,arpen
4530,aspen
4531,paren
4532,siren
4533,rasen
4534,risen
4535,wisen
4536,owsen
4537,bysen
4538,eaten
4539,laten
4540,oaten
4541,paten
4542,keten
4543,often
4544,outen
4545,daven
4546,haven
4547,raven
4548,seven
4549,yeven
4550,given
4551,liven
4552,riven
4553,hoven
4554,woven
4555,yoven
4556,sewen
4557,rowen
4558,waxen
4559,rexen
4560,mixen
4561,vixen
4562,boxen
4563,moyen
4564,hazen
4565,sazen
4566,dizen
4567,wizen
4568,unzen
4569,cozen
4570,dozen
4571,thegn
4572,deign
4573,feign
4574,reign
4575,align
4576,coign
4577,foehn
4578,dukhn
4579,again
4580,chain
4581,blain
4582,elain
4583,plain
4584,slain
4585,amain
4586,arain
4587,brain
4588,crain
4589,drain
4590,grain
4591,train
4592,stain
4593,swain
4594,twain
4595,cabin
4596,robin
4597,ricin
4598,oncin
4599,orcin
4600,oscin
4601,mucin
4602,nucin
4603,bedin
4604,eldin
4605,rhein
4606,whein
4607,skein
4608,olein
4609,grein
4610,stein
4611,elfin
4612,begin
4613,regin
4614,algin
4615,login
4616,yogin
4617,tahin
4618,eshin
4619,apiin
4620,takin
4621,yakin
4622,pekin
4623,likin
4624,unkin
4625,pilin
4626,colin
4627,gamin
4628,lamin
4629,hemin
4630,temin
4631,ulmin
4632,tomin
4633,osmin
4634,cumin
4635,humin
4636,zymin
4637,genin
4638,oenin
4639,renin
4640,venin
4641,linin
4642,conin
4643,acoin
4644,aloin
4645,groin
4646,quoin
4647,sapin
4648,repin
4649,lipin
4650,unpin
4651,larin
4652,tarin
4653,abrin
4654,scrin
4655,cerin
4656,serin
4657,agrin
4658,korin
4659,morin
4660,aurin
4661,burin
4662,curin
4663,basin
4664,sasin
4665,besin
4666,resin
4667,oisin
4668,elsin
4669,unsin
4670,eosin
4671,kosin
4672,rosin
4673,lysin
4674,matin
4675,satin
4676,actin
4677,cetin
4678,detin
4679,retin
4680,altin
4681,untin
4682,cutin
4683,rutin
4684,tutin
4685,squin
4686,bruin
4687,bavin
4688,ravin
4689,savin
4690,levin
4691,covin
4692,rewin
4693,atwin
4694,bixin
4695,toxin
4696,auxin
4697,zayin
4698,goyin
4699,sozin
4700,rhamn
4701,spann
4702,uninn
4703,drinn
4704,ambon
4705,bacon
4706,racon
4707,mecon
4708,recon
4709,tecon
4710,ancon
4711,ascon
4712,radon
4713,undon
4714,codon
4715,paeon
4716,odeon
4717,pheon
4718,ileon
4719,pleon
4720,wagon
4721,cogon
4722,fogon
4723,argon
4724,ergon
4725,zygon
4726,scion
4727,adion
4728,anion
4729,inion
4730,onion
4731,union
4732,prion
4733,stion
4734,axion
4735,tejon
4736,wakon
4737,otkon
4738,kalon
4739,salon
4740,talon
4741,felon
4742,melon
4743,pelon
4744,pilon
4745,colon
4746,solon
4747,nylon
4748,pylon
4749,xylon
4750,demon
4751,lemon
4752,timon
4753,almon
4754,canon
4755,fanon
4756,tenon
4757,xenon
4758,linon
4759,ninon
4760,pinon
4761,aboon
4762,scoon
4763,dhoon
4764,spoon
4765,aroon
4766,broon
4767,croon
4768,kroon
4769,stoon
4770,swoon
4771,capon
4772,lapon
4773,gipon
4774,jupon
4775,baron
4776,saron
4777,acron
4778,heron
4779,seron
4780,viron
4781,boron
4782,moron
4783,apron
4784,huron
4785,gyron
4786,myron
4787,bason
4788,mason
4789,meson
4790,bison
4791,vison
4792,unson
4793,arson
4794,urson
4795,hyson
4796,wyson
4797,baton
4798,acton
4799,seton
4800,niton
4801,cyton
4802,unwon
4803,caxon
4804,taxon
4805,toxon
4806,rayon
4807,toyon
4808,gazon
4809,scarn
4810,learn
4811,yearn
4812,sharn
4813,starn
4814,tuarn
4815,stern
4816,quern
4817,bairn
4818,cairn
4819,tairn
4820,acorn
4821,scorn
4822,adorn
4823,shorn
4824,thorn
4825,unorn
4826,moorn
4827,sworn
4828,churn
4829,flurn
4830,inurn
4831,unurn
4832,bourn
4833,mourn
4834,tourn
4835,yourn
4836,spurn
4837,shisn
4838,thisn
4839,lessn
4840,thatn
4841,staun
4842,begun
4843,rohun
4844,cajun
4845,arjun
4846,canun
4847,stoun
4848,bepun
4849,rerun
4850,inrun
4851,unrun
4852,uprun
4853,resun
4854,unsun
4855,bosun
4856,upsun
4857,katun
4858,altun
4859,arzun
4860,adawn
4861,thawn
4862,flawn
4863,gnawn
4864,spawn
4865,brawn
4866,drawn
4867,frawn
4868,prawn
4869,stawn
4870,adown
4871,reown
4872,shown
4873,blown
4874,clown
4875,flown
4876,known
4877,unown
4878,brown
4879,crown
4880,drown
4881,frown
4882,grown
4883,frayn
4884,telyn
4885,bacao
4886,cacao
4887,macao
4888,vijao
4889,lokao
4890,balao
4891,talao
4892,filao
4893,kamao
4894,adpao
4895,parao
4896,burao
4897,patao
4898,sitao
4899,biabo
4900,anabo
4901,gubbo
4902,ceibo
4903,cribo
4904,bilbo
4905,jambo
4906,mambo
4907,sambo
4908,tambo
4909,zambo
4910,limbo
4911,timbo
4912,bombo
4913,pombo
4914,bumbo
4915,gumbo
4916,humbo
4917,jumbo
4918,rumbo
4919,carbo
4920,turbo
4921,tsubo
4922,icaco
4923,tlaco
4924,guaco
4925,huaco
4926,macco
4927,recco
4928,cocco
4929,hocco
4930,yocco
4931,zocco
4932,chico
4933,banco
4934,zinco
4935,ronco
4936,troco
4937,marco
4938,turco
4939,casco
4940,tasco
4941,cisco
4942,pisco
4943,leuco
4944,arado
4945,haddo
4946,uredo
4947,amido
4948,dildo
4949,boldo
4950,soldo
4951,toldo
4952,bando
4953,lindo
4954,hondo
4955,nondo
4956,rondo
4957,bardo
4958,cardo
4959,fardo
4960,pardo
4961,fordo
4962,misdo
4963,outdo
4964,scudo
4965,video
4966,rodeo
4967,maleo
4968,roleo
4969,cameo
4970,mimeo
4971,vireo
4972,luteo
4973,imago
4974,drago
4975,grego
4976,swego
4977,doggo
4978,mango
4979,tango
4980,pengo
4981,bingo
4982,dingo
4983,jingo
4984,lingo
4985,bongo
4986,bungo
4987,fungo
4988,mungo
4989,tungo
4990,cargo
4991,largo
4992,pargo
4993,sargo
4994,forgo
4995,sorgo
4996,misgo
4997,outgo
4998,hucho
4999,abmho
5000,agoho
5001,hypho
5002,husho
5003,litho
5004,altho
5005,ortho
5006,ngaio
5007,staio
5008,cabio
5009,radio
5010,medio
5011,sodio
5012,audio
5013,kokio
5014,helio
5015,bilio
5016,folio
5017,polio
5018,solio
5019,julio
5020,danio
5021,tenio
5022,serio
5023,curio
5024,turio
5025,dusio
5026,patio
5027,ratio
5028,sitio
5029,guijo
5030,banjo
5031,shako
5032,jacko
5033,gecko
5034,jocko
5035,bucko
5036,shiko
5037,bekko
5038,dekko
5039,bunko
5040,iroko
5041,pablo
5042,ohelo
5043,atelo
5044,abilo
5045,callo
5046,cello
5047,hello
5048,uhllo
5049,hollo
5050,nullo
5051,paolo
5052,ovolo
5053,epulo
5054,amylo
5055,stylo
5056,alamo
5057,unamo
5058,palmo
5059,sermo
5060,mormo
5061,pasmo
5062,beano
5063,phano
5064,piano
5065,llano
5066,grano
5067,guano
5068,steno
5069,chino
5070,rhino
5071,amino
5072,imino
5073,kenno
5074,phono
5075,bauno
5076,baboo
5077,taboo
5078,mafoo
5079,bahoo
5080,wahoo
5081,yahoo
5082,nakoo
5083,baloo
5084,igloo
5085,napoo
5086,daroo
5087,garoo
5088,scroo
5089,potoo
5090,bazoo
5091,kazoo
5092,razoo
5093,ygapo
5094,taipo
5095,quipo
5096,campo
5097,tempo
5098,compo
5099,hippo
5100,sarpo
5101,caupo
5102,raupo
5103,taupo
5104,claro
5105,macro
5106,sacro
5107,micro
5108,mucro
5109,pedro
5110,vedro
5111,kodro
5112,hydro
5113,stero
5114,negro
5115,ochro
5116,chiro
5117,spiro
5118,genro
5119,thoro
5120,zorro
5121,burro
5122,latro
5123,jitro
5124,nitro
5125,tacso
5126,aliso
5127,aviso
5128,canso
5129,manso
5130,senso
5131,proso
5132,verso
5133,torso
5134,basso
5135,lasso
5136,passo
5137,gesso
5138,yesso
5139,cusso
5140,betso
5141,howso
5142,lacto
5143,recto
5144,aweto
5145,uvito
5146,canto
5147,manto
5148,panto
5149,cento
5150,lento
5151,pinto
5152,conto
5153,ponto
5154,junto
5155,punto
5156,photo
5157,proto
5158,parto
5159,porto
5160,basto
5161,visto
5162,gusto
5163,justo
5164,ditto
5165,lotto
5166,motto
5167,potto
5168,bouto
5169,sexto
5170,flavo
5171,bravo
5172,cravo
5173,salvo
5174,servo
5175,piezo
5176,erizo
5177,benzo
5178,terzo
5179,matzo
5180,bezzo
5181,mezzo
5182,becap
5183,decap
5184,recap
5185,uncap
5186,dadap
5187,aheap
5188,cheap
5189,sneap
5190,behap
5191,unhap
5192,jalap
5193,relap
5194,unlap
5195,oulap
5196,remap
5197,kanap
5198,scrap
5199,terap
5200,shrap
5201,thrap
5202,strap
5203,watap
5204,untap
5205,adeep
5206,cheep
5207,sheep
5208,wheep
5209,sleep
5210,creep
5211,dreep
5212,steep
5213,sweep
5214,salep
5215,kelep
5216,julep
5217,genep
5218,stoep
5219,graip
5220,bedip
5221,redip
5222,askip
5223,tulip
5224,oxlip
5225,genip
5226,sarip
5227,scrip
5228,adrip
5229,gerip
5230,shrip
5231,thrip
5232,unrip
5233,uprip
5234,atrip
5235,strip
5236,retip
5237,equip
5238,scalp
5239,whalp
5240,chelp
5241,whelp
5242,skelp
5243,swelp
5244,ayelp
5245,sculp
5246,skulp
5247,poulp
5248,scamp
5249,champ
5250,whamp
5251,clamp
5252,slamp
5253,cramp
5254,gramp
5255,tramp
5256,wramp
5257,stamp
5258,swamp
5259,skemp
5260,skimp
5261,blimp
5262,flimp
5263,crimp
5264,grimp
5265,primp
5266,chomp
5267,tromp
5268,stomp
5269,chump
5270,thump
5271,clump
5272,flump
5273,glump
5274,plump
5275,slump
5276,crump
5277,frump
5278,grump
5279,trump
5280,stump
5281,bebop
5282,rebop
5283,befop
5284,galop
5285,orlop
5286,aslop
5287,remop
5288,scoop
5289,choop
5290,shoop
5291,whoop
5292,bloop
5293,cloop
5294,sloop
5295,snoop
5296,apoop
5297,droop
5298,groop
5299,troop
5300,stoop
5301,swoop
5302,uppop
5303,adrop
5304,merop
5305,strop
5306,netop
5307,untop
5308,estop
5309,stupp
5310,scarp
5311,sharp
5312,wharp
5313,snerp
5314,twerp
5315,chirp
5316,skirp
5317,stirp
5318,thorp
5319,slorp
5320,slurp
5321,snurp
5322,usurp
5323,agasp
5324,clasp
5325,grasp
5326,whisp
5327,alisp
5328,crisp
5329,knosp
5330,scaup
5331,shaup
5332,whaup
5333,staup
5334,encup
5335,jehup
5336,sunup
5337,scoup
5338,choup
5339,croup
5340,group
5341,stoup
5342,ripup
5343,tipup
5344,sirup
5345,syrup
5346,resup
5347,upsup
5348,getup
5349,letup
5350,setup
5351,cutup
5352,polyp
5353,bebar
5354,debar
5355,rebar
5356,ambar
5357,embar
5358,unbar
5359,lobar
5360,upbar
5361,tubar
5362,vicar
5363,radar
5364,cedar
5365,bidar
5366,mudar
5367,abear
5368,afear
5369,shear
5370,blear
5371,clear
5372,smear
5373,anear
5374,spear
5375,arear
5376,drear
5377,swear
5378,unfar
5379,sofar
5380,begar
5381,cigar
5382,sugar
5383,bahar
5384,kahar
5385,mahar
5386,achar
5387,zihar
5388,ajhar
5389,amhar
5390,mohar
5391,arhar
5392,athar
5393,briar
5394,friar
5395,kakar
5396,takar
5397,abkar
5398,kikar
5399,sikar
5400,askar
5401,dalar
5402,malar
5403,palar
5404,salar
5405,talar
5406,belar
5407,telar
5408,velar
5409,filar
5410,pilar
5411,bolar
5412,molar
5413,polar
5414,solar
5415,volar
5416,urlar
5417,gular
5418,pylar
5419,bemar
5420,simar
5421,timar
5422,cymar
5423,dinar
5424,minar
5425,ulnar
5426,sonar
5427,zonar
5428,lunar
5429,aroar
5430,hepar
5431,impar
5432,aurar
5433,tisar
5434,ansar
5435,musar
5436,katar
5437,detar
5438,kitar
5439,sitar
5440,titar
5441,altar
5442,untar
5443,artar
5444,attar
5445,ottar
5446,feuar
5447,douar
5448,navar
5449,alvar
5450,tovar
5451,jowar
5452,sowar
5453,boyar
5454,lazar
5455,sizar
5456,teaer
5457,spaer
5458,caber
5459,saber
5460,weber
5461,fiber
5462,giber
5463,liber
5464,amber
5465,ember
5466,imber
5467,omber
5468,umber
5469,rober
5470,sober
5471,cuber
5472,suber
5473,tuber
5474,awber
5475,facer
5476,lacer
5477,macer
5478,pacer
5479,racer
5480,cicer
5481,dicer
5482,ricer
5483,ticer
5484,ulcer
5485,cader
5486,fader
5487,lader
5488,wader
5489,adder
5490,edder
5491,udder
5492,ceder
5493,heder
5494,aider
5495,bider
5496,cider
5497,eider
5498,hider
5499,rider
5500,sider
5501,alder
5502,elder
5503,older
5504,ender
5505,under
5506,boder
5507,coder
5508,foder
5509,order
5510,fuder
5511,ewder
5512,ryder
5513,cheer
5514,sheer
5515,theer
5516,wheer
5517,skeer
5518,fleer
5519,sleer
5520,emeer
5521,smeer
5522,sneer
5523,speer
5524,freer
5525,steer
5526,queer
5527,sweer
5528,wafer
5529,defer
5530,refer
5531,offer
5532,bifer
5533,fifer
5534,lifer
5535,infer
5536,cager
5537,eager
5538,fager
5539,gager
5540,jager
5541,lager
5542,pager
5543,rager
5544,wager
5545,edger
5546,leger
5547,neger
5548,agger
5549,egger
5550,tiger
5551,anger
5552,roger
5553,soger
5554,urger
5555,auger
5556,juger
5557,luger
5558,acher
5559,ocher
5560,toher
5561,upher
5562,usher
5563,ether
5564,ither
5565,other
5566,acier
5567,shier
5568,skier
5569,flier
5570,plier
5571,spier
5572,brier
5573,crier
5574,drier
5575,frier
5576,prier
5577,trier
5578,wrier
5579,osier
5580,baker
5581,caker
5582,daker
5583,faker
5584,laker
5585,maker
5586,naker
5587,raker
5588,saker
5589,taker
5590,waker
5591,acker
5592,diker
5593,hiker
5594,liker
5595,piker
5596,anker
5597,inker
5598,coker
5599,joker
5600,poker
5601,roker
5602,yoker
5603,asker
5604,esker
5605,puker
5606,dyker
5607,baler
5608,daler
5609,haler
5610,paler
5611,taler
5612,waler
5613,abler
5614,scler
5615,idler
5616,eeler
5617,ogler
5618,filer
5619,miler
5620,oiler
5621,piler
5622,tiler
5623,aller
5624,uller
5625,holer
5626,moler
5627,poler
5628,soler
5629,duler
5630,puler
5631,ruler
5632,owler
5633,namer
5634,tamer
5635,aimer
5636,dimer
5637,eimer
5638,limer
5639,mimer
5640,rimer
5641,timer
5642,ammer
5643,emmer
5644,comer
5645,domer
5646,gomer
5647,homer
5648,vomer
5649,yomer
5650,armer
5651,ormer
5652,fumer
5653,caner
5654,diner
5655,finer
5656,liner
5657,miner
5658,piner
5659,viner
5660,winer
5661,inner
5662,boner
5663,coner
5664,goner
5665,moner
5666,toner
5667,runer
5668,tuner
5669,awner
5670,owner
5671,shoer
5672,cooer
5673,wooer
5674,caper
5675,gaper
5676,japer
5677,paper
5678,raper
5679,taper
5680,leper
5681,neper
5682,hiper
5683,piper
5684,riper
5685,siper
5686,viper
5687,wiper
5688,amper
5689,coper
5690,doper
5691,hoper
5692,loper
5693,moper
5694,roper
5695,toper
5696,upper
5697,asper
5698,duper
5699,super
5700,hyper
5701,typer
5702,barer
5703,carer
5704,darer
5705,farer
5706,parer
5707,cerer
5708,airer
5709,firer
5710,hirer
5711,tirer
5712,wirer
5713,borer
5714,corer
5715,gorer
5716,porer
5717,curer
5718,lurer
5719,purer
5720,caser
5721,easer
5722,laser
5723,raser
5724,miser
5725,riser
5726,wiser
5727,boser
5728,doser
5729,loser
5730,noser
5731,poser
5732,muser
5733,owser
5734,bater
5735,cater
5736,dater
5737,eater
5738,gater
5739,hater
5740,later
5741,mater
5742,pater
5743,rater
5744,tater
5745,water
5746,deter
5747,meter
5748,neter
5749,peter
5750,after
5751,ofter
5752,biter
5753,citer
5754,diter
5755,liter
5756,miter
5757,niter
5758,titer
5759,alter
5760,enter
5761,inter
5762,doter
5763,moter
5764,noter
5765,poter
5766,roter
5767,toter
5768,voter
5769,aster
5770,ester
5771,uster
5772,atter
5773,otter
5774,utter
5775,luter
5776,outer
5777,exter
5778,oxter
5779,bluer
5780,fluer
5781,gluer
5782,sluer
5783,truer
5784,daver
5785,eaver
5786,haver
5787,javer
5788,laver
5789,paver
5790,raver
5791,saver
5792,taver
5793,waver
5794,bever
5795,fever
5796,lever
5797,never
5798,rever
5799,sever
5800,diver
5801,fiver
5802,giver
5803,hiver
5804,kiver
5805,liver
5806,river
5807,siver
5808,tiver
5809,viver
5810,wiver
5811,elver
5812,cover
5813,dover
5814,hover
5815,lover
5816,mover
5817,rover
5818,uvver
5819,wyver
5820,hawer
5821,pawer
5822,sawer
5823,tawer
5824,dewer
5825,hewer
5826,mewer
5827,sewer
5828,tewer
5829,bower
5830,cower
5831,dower
5832,jower
5833,lower
5834,mower
5835,power
5836,rower
5837,sower
5838,tower
5839,vower
5840,taxer
5841,waxer
5842,hexer
5843,vexer
5844,fixer
5845,mixer
5846,sixer
5847,boxer
5848,foxer
5849,layer
5850,payer
5851,sayer
5852,tayer
5853,shyer
5854,clyer
5855,flyer
5856,plyer
5857,boyer
5858,foyer
5859,toyer
5860,spyer
5861,fryer
5862,pryer
5863,buyer
5864,guyer
5865,gazer
5866,hazer
5867,mazer
5868,razer
5869,adzer
5870,sizer
5871,dozer
5872,tozer
5873,deair
5874,chair
5875,khair
5876,skair
5877,blair
5878,flair
5879,glair
5880,stair
5881,nadir
5882,mudir
5883,cheir
5884,their
5885,freir
5886,kafir
5887,kefir
5888,jagir
5889,awhir
5890,dakir
5891,fakir
5892,choir
5893,tapir
5894,aurir
5895,eyrir
5896,astir
5897,levir
5898,tayir
5899,nazir
5900,thulr
5901,labor
5902,tabor
5903,arbor
5904,rubor
5905,mucor
5906,nidor
5907,ardor
5908,gagor
5909,nagor
5910,rigor
5911,vigor
5912,algor
5913,angor
5914,abhor
5915,achor
5916,ichor
5917,bohor
5918,ephor
5919,prior
5920,trior
5921,major
5922,tikor
5923,zokor
5924,calor
5925,valor
5926,chlor
5927,color
5928,dolor
5929,timor
5930,armor
5931,humor
5932,rumor
5933,tumor
5934,manor
5935,tenor
5936,minor
5937,donor
5938,honor
5939,shoor
5940,floor
5941,spoor
5942,sapor
5943,vapor
5944,tepor
5945,sopor
5946,error
5947,furor
5948,juror
5949,visor
5950,gator
5951,actor
5952,fetor
5953,motor
5954,rotor
5955,astor
5956,sutor
5957,tutor
5958,fluor
5959,cruor
5960,favor
5961,savor
5962,livor
5963,taxor
5964,mayor
5965,payor
5966,razor
5967,charr
5968,chirr
5969,shirr
5970,skirr
5971,churr
5972,flurr
5973,smurr
5974,scaur
5975,whaur
5976,glaur
5977,cebur
5978,gebur
5979,robur
5980,cacur
5981,occur
5982,recur
5983,incur
5984,bedur
5985,unfur
5986,regur
5987,aggur
5988,augur
5989,bahur
5990,mohur
5991,ashur
5992,tikur
5993,femur
5994,lemur
5995,scour
5996,clour
5997,flour
5998,slour
5999,amour
6000,atour
6001,stour
6002,kapur
6003,detur
6004,takyr
6005,papyr
6006,satyr
6007,butyr
6008,amaas
6009,cabas
6010,abbas
6011,rudas
6012,magas
6013,vagas
6014,degas
6015,ligas
6016,alias
6017,drias
6018,wokas
6019,balas
6020,palas
6021,atlas
6022,kamas
6023,tamas
6024,lanas
6025,manas
6026,monas
6027,psoas
6028,tapas
6029,zapas
6030,depas
6031,ceras
6032,teras
6033,arras
6034,patas
6035,litas
6036,kiyas
6037,dryas
6038,plebs
6039,scobs
6040,grubs
6041,specs
6042,scads
6043,needs
6044,mends
6045,funds
6046,ounds
6047,goods
6048,hurds
6049,fabes
6050,tabes
6051,pubes
6052,feces
6053,duces
6054,pedes
6055,sides
6056,utees
6057,wages
6058,leges
6059,reges
6060,ashes
6061,shies
6062,skies
6063,plies
6064,jakes
6065,wakes
6066,tales
6067,piles
6068,soles
6069,arles
6070,gules
6071,limes
6072,times
6073,comes
6074,fomes
6075,manes
6076,nanes
6077,renes
6078,mines
6079,cones
6080,nones
6081,lunes
6082,capes
6083,gapes
6084,ropes
6085,nares
6086,peres
6087,mores
6088,sures
6089,bases
6090,oases
6091,arses
6092,nates
6093,antes
6094,blues
6095,eaves
6096,fives
6097,hives
6098,vives
6099,elves
6100,sizes
6101,ziffs
6102,hoofs
6103,dregs
6104,tangs
6105,longs
6106,tongs
6107,trogs
6108,chais
6109,labis
6110,pubis
6111,lacis
6112,kreis
6113,aegis
6114,talis
6115,bolis
6116,polis
6117,tamis
6118,semis
6119,lenis
6120,penis
6121,finis
6122,ornis
6123,funis
6124,tapis
6125,copis
6126,lupis
6127,baris
6128,maris
6129,siris
6130,loris
6131,arris
6132,orris
6133,basis
6134,oasis
6135,dosis
6136,apsis
6137,arsis
6138,assis
6139,lysis
6140,betis
6141,metis
6142,mitis
6143,cutis
6144,mavis
6145,pavis
6146,amvis
6147,lewis
6148,taxis
6149,hexis
6150,nyxis
6151,pyxis
6152,facks
6153,fenks
6154,jinks
6155,links
6156,hunks
6157,zooks
6158,works
6159,whils
6160,gools
6161,mools
6162,carls
6163,mouls
6164,bowls
6165,teems
6166,krems
6167,dooms
6168,jeans
6169,glans
6170,teens
6171,avens
6172,evens
6173,fains
6174,gains
6175,mains
6176,reins
6177,banns
6178,woons
6179,zoons
6180,turns
6181,wauns
6182,chaos
6183,ambos
6184,secos
6185,cados
6186,kados
6187,kudos
6188,speos
6189,logos
6190,ethos
6191,sekos
6192,onkos
6193,askos
6194,melos
6195,polos
6196,aulos
6197,demos
6198,nomos
6199,atmos
6200,genos
6201,saros
6202,meros
6203,poros
6204,basos
6205,heaps
6206,chaps
6207,shaps
6208,snaps
6209,craps
6210,traps
6211,weeps
6212,chips
6213,clips
6214,dimps
6215,mumps
6216,scops
6217,elops
6218,klops
6219,slops
6220,props
6221,myops
6222,corps
6223,turps
6224,moors
6225,jours
6226,yours
6227,khass
6228,class
6229,glass
6230,plass
6231,amass
6232,brass
6233,crass
6234,frass
6235,grass
6236,trass
6237,kvass
6238,chess
6239,bless
6240,loess
6241,cress
6242,dress
6243,press
6244,tress
6245,guess
6246,bliss
6247,amiss
6248,briss
6249,criss
6250,priss
6251,swiss
6252,floss
6253,gloss
6254,cross
6255,dross
6256,gross
6257,pross
6258,stoss
6259,gauss
6260,gruss
6261,truss
6262,stuss
6263,abyss
6264,thats
6265,whats
6266,whits
6267,grits
6268,quits
6269,pants
6270,boots
6271,foots
6272,darts
6273,dorts
6274,chaus
6275,debus
6276,rebus
6277,gibus
6278,albus
6279,embus
6280,decus
6281,oecus
6282,incus
6283,uncus
6284,focus
6285,hocus
6286,locus
6287,ascus
6288,fucus
6289,mucus
6290,cadus
6291,nidus
6292,nodus
6293,ileus
6294,rufus
6295,pagus
6296,vagus
6297,negus
6298,bogus
6299,fogus
6300,prius
6301,ankus
6302,palus
6303,talus
6304,hilus
6305,pilus
6306,bolus
6307,tylus
6308,camus
6309,hamus
6310,ramus
6311,wamus
6312,humus
6313,manus
6314,genus
6315,agnus
6316,dinus
6317,minus
6318,sinus
6319,bonus
6320,conus
6321,tonus
6322,chous
6323,pious
6324,smous
6325,ayous
6326,byous
6327,copus
6328,mopus
6329,lupus
6330,sarus
6331,varus
6332,virus
6333,porus
6334,sorus
6335,torus
6336,kurus
6337,turus
6338,cyrus
6339,gyrus
6340,nasus
6341,nisus
6342,latus
6343,ictus
6344,fetus
6345,litus
6346,situs
6347,lotus
6348,estus
6349,cavus
6350,favus
6351,nevus
6352,divus
6353,alvus
6354,nexus
6355,luxus
6356,braws
6357,flews
6358,trews
6359,slows
6360,adays
6361,stays
6362,aclys
6363,genys
6364,gonys
6365,rabat
6366,bebat
6367,ribat
6368,imbat
6369,rybat
6370,ducat
6371,abdat
6372,iddat
6373,sceat
6374,cheat
6375,sheat
6376,theat
6377,wheat
6378,bleat
6379,cleat
6380,pleat
6381,upeat
6382,creat
6383,great
6384,treat
6385,wreat
6386,sweat
6387,exeat
6388,defat
6389,jagat
6390,begat
6391,enhat
6392,unhat
6393,fohat
6394,arhat
6395,duhat
6396,uniat
6397,salat
6398,eclat
6399,aflat
6400,splat
6401,bemat
6402,banat
6403,kanat
6404,denat
6405,annat
6406,shoat
6407,bloat
6408,float
6409,gloat
6410,ploat
6411,groat
6412,troat
6413,stoat
6414,bepat
6415,carat
6416,darat
6417,scrat
6418,berat
6419,derat
6420,kerat
6421,morat
6422,sprat
6423,jurat
6424,surat
6425,squat
6426,khvat
6427,zayat
6428,doubt
6429,react
6430,diact
6431,enact
6432,unact
6433,coact
6434,epact
6435,bract
6436,tract
6437,exact
6438,eject
6439,elect
6440,erect
6441,edict
6442,evict
6443,mulct
6444,sanct
6445,cinct
6446,tinct
6447,punct
6448,educt
6449,eruct
6450,veldt
6451,tabet
6452,tibet
6453,zibet
6454,unbet
6455,facet
6456,lacet
6457,lucet
6458,cadet
6459,bidet
6460,godet
6461,cheet
6462,sheet
6463,theet
6464,skeet
6465,fleet
6466,gleet
6467,sleet
6468,freet
6469,greet
6470,queet
6471,sweet
6472,tweet
6473,alfet
6474,beget
6475,reget
6476,unget
6477,soget
6478,upget
6479,ashet
6480,awhet
6481,quiet
6482,upjet
6483,siket
6484,inket
6485,unket
6486,loket
6487,galet
6488,palet
6489,valet
6490,adlet
6491,relet
6492,aglet
6493,filet
6494,inlet
6495,unlet
6496,volet
6497,splet
6498,orlet
6499,islet
6500,culet
6501,owlet
6502,aylet
6503,ramet
6504,emmet
6505,unmet
6506,comet
6507,armet
6508,fumet
6509,humet
6510,abnet
6511,benet
6512,genet
6513,renet
6514,tenet
6515,annet
6516,innet
6517,nonet
6518,tapet
6519,pipet
6520,appet
6521,caret
6522,abret
6523,beret
6524,afret
6525,egret
6526,mpret
6527,spret
6528,stret
6529,buret
6530,beset
6531,reset
6532,inset
6533,onset
6534,unset
6535,coset
6536,roset
6537,upset
6538,asset
6539,octet
6540,motet
6541,ortet
6542,bluet
6543,cruet
6544,navet
6545,revet
6546,wevet
6547,civet
6548,rivet
6549,elvet
6550,covet
6551,rovet
6552,duvet
6553,bewet
6554,rewet
6555,unwet
6556,bowet
6557,rowet
6558,royet
6559,bizet
6560,abaft
6561,chaft
6562,shaft
6563,craft
6564,draft
6565,graft
6566,kraft
6567,awaft
6568,theft
6569,wheft
6570,aleft
6571,cleft
6572,shift
6573,whift
6574,skift
6575,clift
6576,snift
6577,drift
6578,grift
6579,swift
6580,delft
6581,thoft
6582,aloft
6583,croft
6584,troft
6585,scuft
6586,doigt
6587,yacht
6588,pecht
6589,wecht
6590,micht
6591,richt
6592,wicht
6593,socht
6594,naght
6595,bight
6596,dight
6597,eight
6598,fight
6599,hight
6600,light
6601,might
6602,night
6603,right
6604,sight
6605,tight
6606,wight
6607,aught
6608,ought
6609,owght
6610,wisht
6611,fusht
6612,plait
6613,slait
6614,krait
6615,trait
6616,await
6617,habit
6618,debit
6619,ambit
6620,unbit
6621,orbit
6622,cubit
6623,tacit
6624,licit
6625,audit
6626,freit
6627,befit
6628,refit
6629,infit
6630,unfit
6631,cagit
6632,legit
6633,digit
6634,unhit
6635,rakit
6636,unlit
6637,split
6638,admit
6639,demit
6640,remit
6641,dimit
6642,limit
6643,immit
6644,vomit
6645,cloit
6646,droit
6647,quoit
6648,pipit
6649,barit
6650,merit
6651,perit
6652,sprit
6653,strit
6654,absit
6655,besit
6656,visit
6657,posit
6658,upsit
6659,petit
6660,sluit
6661,squit
6662,bruit
6663,fruit
6664,davit
6665,pewit
6666,tewit
6667,inwit
6668,dixit
6669,scalt
6670,dealt
6671,shalt
6672,smalt
6673,spalt
6674,awalt
6675,twalt
6676,exalt
6677,smelt
6678,knelt
6679,spelt
6680,dwelt
6681,swelt
6682,spilt
6683,atilt
6684,stilt
6685,built
6686,guilt
6687,quilt
6688,twilt
6689,tellt
6690,aillt
6691,smolt
6692,fault
6693,gault
6694,sault
6695,vault
6696,adult
6697,poult
6698,exult
6699,scant
6700,idant
6701,beant
6702,leant
6703,meant
6704,chant
6705,shant
6706,giant
6707,hiant
6708,riant
6709,plant
6710,slant
6711,brant
6712,drant
6713,grant
6714,orant
6715,trant
6716,quant
6717,suant
6718,ovant
6719,twant
6720,didnt
6721,scent
6722,agent
6723,fient
6724,blent
6725,glent
6726,olent
6727,slent
6728,ament
6729,anent
6730,spent
6731,arent
6732,brent
6733,urent
6734,usent
6735,stent
6736,event
6737,faint
6738,maint
6739,paint
6740,saint
6741,taint
6742,feint
6743,ahint
6744,chint
6745,clint
6746,flint
6747,glint
6748,joint
6749,noint
6750,point
6751,print
6752,stint
6753,quint
6754,suint
6755,kvint
6756,front
6757,ayont
6758,warnt
6759,burnt
6760,dasnt
6761,wasnt
6762,daunt
6763,gaunt
6764,haunt
6765,jaunt
6766,naunt
6767,taunt
6768,vaunt
6769,ahunt
6770,shunt
6771,blunt
6772,count
6773,fount
6774,mount
6775,brunt
6776,crunt
6777,grunt
6778,prunt
6779,stunt
6780,maynt
6781,cabot
6782,jabot
6783,sabot
6784,abbot
6785,robot
6786,dicot
6787,picot
6788,ascot
6789,bedot
6790,fagot
6791,magot
6792,bigot
6793,gigot
6794,ingot
6795,ungot
6796,argot
6797,ergot
6798,cahot
6799,unhot
6800,idiot
6801,ariot
6802,relot
6803,pilot
6804,allot
6805,islot
6806,gemot
6807,minot
6808,scoot
6809,afoot
6810,sfoot
6811,shoot
6812,cloot
6813,smoot
6814,snoot
6815,spoot
6816,groot
6817,troot
6818,stoot
6819,capot
6820,depot
6821,repot
6822,impot
6823,unpot
6824,tarot
6825,lerot
6826,besot
6827,rusot
6828,divot
6829,pivot
6830,adapt
6831,leapt
6832,chapt
6833,clapt
6834,enapt
6835,inapt
6836,unapt
6837,coapt
6838,adept
6839,slept
6840,inept
6841,crept
6842,erept
6843,stept
6844,swept
6845,whipt
6846,clipt
6847,kempt
6848,tempt
6849,dompt
6850,adopt
6851,epopt
6852,dropt
6853,erupt
6854,crypt
6855,scart
6856,heart
6857,peart
6858,teart
6859,chart
6860,whart
6861,skart
6862,blart
6863,clart
6864,slart
6865,smart
6866,apart
6867,spart
6868,start
6869,quart
6870,tuart
6871,swart
6872,chert
6873,alert
6874,inert
6875,apert
6876,stert
6877,avert
6878,evert
6879,overt
6880,exert
6881,shirt
6882,thirt
6883,skirt
6884,flirt
6885,slirt
6886,snirt
6887,spirt
6888,quirt
6889,abort
6890,chort
6891,short
6892,thort
6893,whort
6894,amort
6895,snort
6896,boort
6897,aport
6898,sport
6899,thurt
6900,blurt
6901,snurt
6902,court
6903,spurt
6904,sturt
6905,beast
6906,feast
6907,least
6908,yeast
6909,blast
6910,boast
6911,coast
6912,hoast
6913,roast
6914,toast
6915,avast
6916,didst
6917,midst
6918,beest
6919,geest
6920,keest
6921,reest
6922,teest
6923,egest
6924,chest
6925,blest
6926,doest
6927,crest
6928,drest
6929,prest
6930,trest
6931,wrest
6932,guest
6933,quest
6934,ovest
6935,awest
6936,angst
6937,waist
6938,odist
6939,deist
6940,feist
6941,neist
6942,zeist
6943,agist
6944,whist
6945,alist
6946,boist
6947,foist
6948,hoist
6949,joist
6950,moist
6951,zoist
6952,arist
6953,frist
6954,grist
6955,trist
6956,wrist
6957,buist
6958,muist
6959,puist
6960,suist
6961,ovist
6962,twist
6963,exist
6964,yinst
6965,dunst
6966,ghost
6967,glost
6968,boost
6969,coost
6970,moost
6971,roost
6972,frost
6973,darst
6974,karst
6975,warst
6976,verst
6977,first
6978,horst
6979,worst
6980,burst
6981,curst
6982,durst
6983,hurst
6984,faust
6985,adust
6986,agust
6987,joust
6988,roust
6989,crust
6990,trust
6991,tryst
6992,brett
6993,frett
6994,fritt
6995,chott
6996,shott
6997,scaut
6998,claut
6999,kraut
7000,tabut
7001,debut
7002,rebut
7003,becut
7004,recut
7005,incut
7006,uncut
7007,upcut
7008,begut
7009,bahut
7010,balut
7011,gamut
7012,ninut
7013,arnut
7014,about
7015,scout
7016,shout
7017,skout
7018,blout
7019,clout
7020,flout
7021,glout
7022,plout
7023,smout
7024,knout
7025,snout
7026,apout
7027,spout
7028,crout
7029,grout
7030,trout
7031,stout
7032,kaput
7033,input
7034,unput
7035,serut
7036,enrut
7037,strut
7038,dawut
7039,mazut
7040,whewt
7041,thowt
7042,twixt
7043,kahau
7044,heiau
7045,iliau
7046,wekau
7047,nikau
7048,pilau
7049,hinau
7050,mapau
7051,tarau
7052,serau
7053,arrau
7054,pitau
7055,heuau
7056,noyau
7057,kombu
7058,cumbu
7059,trubu
7060,urubu
7061,urucu
7062,nandu
7063,fondu
7064,perdu
7065,adieu
7066,tereu
7067,snafu
7068,tengu
7069,kongu
7070,fichu
7071,buchu
7072,sadhu
7073,pishu
7074,maniu
7075,shaku
7076,bhalu
7077,amelu
7078,poilu
7079,ayllu
7080,ululu
7081,loulu
7082,limmu
7083,cornu
7084,fogou
7085,sajou
7086,bijou
7087,karou
7088,throu
7089,uvrou
7090,tatou
7091,bayou
7092,poyou
7093,acapu
7094,quipu
7095,rompu
7096,coypu
7097,kassu
7098,bussu
7099,matsu
7100,jantu
7101,nintu
7102,virtu
7103,pattu
7104,kudzu
7105,thruv
7106,struv
7107,macaw
7108,pshaw
7109,sclaw
7110,inlaw
7111,unlaw
7112,bylaw
7113,papaw
7114,bepaw
7115,scraw
7116,seraw
7117,thraw
7118,straw
7119,resaw
7120,squaw
7121,cadew
7122,bedew
7123,endew
7124,unfew
7125,askew
7126,immew
7127,unmew
7128,renew
7129,sinew
7130,unnew
7131,repew
7132,screw
7133,shrew
7134,threw
7135,sprew
7136,strew
7137,resew
7138,unsew
7139,navew
7140,miaow
7141,elbow
7142,embow
7143,unbow
7144,oxbow
7145,widow
7146,endow
7147,theow
7148,cahow
7149,nohow
7150,balow
7151,ablow
7152,below
7153,aflow
7154,aglow
7155,allow
7156,scrow
7157,rerow
7158,serow
7159,throw
7160,unrow
7161,arrow
7162,strow
7163,resow
7164,devow
7165,paauw
7166,addax
7167,malax
7168,relax
7169,panax
7170,pinax
7171,donax
7172,capax
7173,borax
7174,durax
7175,hyrax
7176,matax
7177,detax
7178,retax
7179,untax
7180,vivax
7181,dewax
7182,rewax
7183,unwax
7184,upwax
7185,vibex
7186,index
7187,codex
7188,podex
7189,judex
7190,unhex
7191,silex
7192,exlex
7193,ramex
7194,remex
7195,cimex
7196,adnex
7197,annex
7198,murex
7199,pyrex
7200,desex
7201,resex
7202,unsex
7203,latex
7204,vibix
7205,radix
7206,adfix
7207,refix
7208,affix
7209,infix
7210,unfix
7211,calix
7212,salix
7213,helix
7214,gulix
7215,cylix
7216,kylix
7217,admix
7218,bemix
7219,remix
7220,immix
7221,unmix
7222,upmix
7223,varix
7224,strix
7225,rebox
7226,embox
7227,unbox
7228,redox
7229,beaux
7230,redux
7231,calyx
7232,ampyx
7233,bebay
7234,ambay
7235,embay
7236,unbay
7237,upbay
7238,pacay
7239,decay
7240,beday
7241,today
7242,fleay
7243,begay
7244,bahay
7245,tokay
7246,palay
7247,salay
7248,adlay
7249,belay
7250,delay
7251,relay
7252,allay
7253,inlay
7254,onlay
7255,unlay
7256,solay
7257,splay
7258,uplay
7259,islay
7260,cumay
7261,repay
7262,appay
7263,cupay
7264,yaray
7265,scray
7266,beray
7267,deray
7268,enray
7269,unray
7270,foray
7271,moray
7272,spray
7273,array
7274,stray
7275,resay
7276,pisay
7277,unsay
7278,assay
7279,essay
7280,astay
7281,alway
7282,noway
7283,upway
7284,asway
7285,byway
7286,babby
7287,cabby
7288,dabby
7289,gabby
7290,tabby
7291,wabby
7292,yabby
7293,debby
7294,nebby
7295,webby
7296,gibby
7297,jibby
7298,nibby
7299,ribby
7300,sibby
7301,tibby
7302,bobby
7303,cobby
7304,dobby
7305,gobby
7306,hobby
7307,lobby
7308,mobby
7309,nobby
7310,pobby
7311,sobby
7312,bubby
7313,cubby
7314,dubby
7315,fubby
7316,hubby
7317,nubby
7318,tubby
7319,bilby
7320,bulby
7321,lamby
7322,limby
7323,comby
7324,womby
7325,gumby
7326,jumby
7327,runby
7328,phoby
7329,globy
7330,booby
7331,looby
7332,darby
7333,derby
7334,herby
7335,verby
7336,forby
7337,curby
7338,busby
7339,outby
7340,dauby
7341,gauby
7342,ocuby
7343,gawby
7344,spacy
7345,reccy
7346,spicy
7347,juicy
7348,fancy
7349,nancy
7350,farcy
7351,mercy
7352,saucy
7353,beady
7354,heady
7355,leady
7356,ready
7357,shady
7358,blady
7359,glady
7360,toady
7361,woady
7362,trady
7363,caddy
7364,daddy
7365,faddy
7366,paddy
7367,waddy
7368,neddy
7369,reddy
7370,biddy
7371,diddy
7372,giddy
7373,kiddy
7374,middy
7375,tiddy
7376,widdy
7377,doddy
7378,hoddy
7379,noddy
7380,poddy
7381,soddy
7382,toddy
7383,buddy
7384,cuddy
7385,muddy
7386,puddy
7387,ruddy
7388,suddy
7389,acedy
7390,deedy
7391,feedy
7392,heedy
7393,needy
7394,reedy
7395,seedy
7396,weedy
7397,gledy
7398,maidy
7399,pridy
7400,baldy
7401,foldy
7402,goldy
7403,moldy
7404,woldy
7405,bandy
7406,candy
7407,dandy
7408,handy
7409,pandy
7410,randy
7411,sandy
7412,wandy
7413,bendy
7414,fendy
7415,pindy
7416,rindy
7417,windy
7418,pondy
7419,bundy
7420,gundy
7421,abody
7422,alody
7423,boody
7424,foody
7425,goody
7426,moody
7427,woody
7428,exody
7429,bardy
7430,gardy
7431,hardy
7432,lardy
7433,mardy
7434,tardy
7435,vardy
7436,birdy
7437,cordy
7438,fordy
7439,lordy
7440,wordy
7441,curdy
7442,purdy
7443,gaudy
7444,vaudy
7445,moudy
7446,study
7447,dawdy
7448,dowdy
7449,howdy
7450,rowdy
7451,teaey
7452,abbey
7453,tibey
7454,ricey
7455,treey
7456,lifey
7457,cagey
7458,bogey
7459,fogey
7460,criey
7461,cakey
7462,ackey
7463,pikey
7464,unkey
7465,hokey
7466,pokey
7467,rokey
7468,galey
7469,obley
7470,agley
7471,kiley
7472,riley
7473,alley
7474,holey
7475,poley
7476,muley
7477,limey
7478,homey
7479,pomey
7480,laney
7481,maney
7482,piney
7483,doney
7484,honey
7485,money
7486,poney
7487,floey
7488,hooey
7489,papey
7490,dopey
7491,strey
7492,jasey
7493,mosey
7494,nosey
7495,posey
7496,upsey
7497,matey
7498,motey
7499,aguey
7500,bluey
7501,fluey
7502,gluey
7503,louey
7504,wavey
7505,givey
7506,covey
7507,hayey
7508,skyey
7509,leafy
7510,beefy
7511,reefy
7512,baffy
7513,daffy
7514,faffy
7515,taffy
7516,neffy
7517,jiffy
7518,miffy
7519,tiffy
7520,toffy
7521,buffy
7522,cuffy
7523,fuffy
7524,guffy
7525,huffy
7526,muffy
7527,puffy
7528,edify
7529,deify
7530,reify
7531,unify
7532,gulfy
7533,comfy
7534,goofy
7535,hoofy
7536,roofy
7537,woofy
7538,azofy
7539,surfy
7540,turfy
7541,stagy
7542,cadgy
7543,hedgy
7544,ledgy
7545,sedgy
7546,wedgy
7547,midgy
7548,ridgy
7549,dodgy
7550,podgy
7551,wodgy
7552,fudgy
7553,pudgy
7554,elegy
7555,baggy
7556,caggy
7557,daggy
7558,haggy
7559,jaggy
7560,naggy
7561,raggy
7562,saggy
7563,taggy
7564,waggy
7565,leggy
7566,peggy
7567,figgy
7568,jiggy
7569,piggy
7570,wiggy
7571,boggy
7572,doggy
7573,foggy
7574,hoggy
7575,moggy
7576,poggy
7577,soggy
7578,buggy
7579,fuggy
7580,muggy
7581,puggy
7582,ruggy
7583,vuggy
7584,bilgy
7585,bulgy
7586,fangy
7587,mangy
7588,rangy
7589,tangy
7590,bingy
7591,dingy
7592,lingy
7593,mingy
7594,ringy
7595,wingy
7596,songy
7597,bungy
7598,dungy
7599,lungy
7600,mungy
7601,alogy
7602,ology
7603,stogy
7604,bergy
7605,porgy
7606,surgy
7607,turgy
7608,rougy
7609,techy
7610,bichy
7611,lochy
7612,archy
7613,itchy
7614,utchy
7615,duchy
7616,sophy
7617,dashy
7618,gashy
7619,hashy
7620,mashy
7621,washy
7622,meshy
7623,fishy
7624,kishy
7625,unshy
7626,toshy
7627,bushy
7628,cushy
7629,gushy
7630,lushy
7631,mushy
7632,rushy
7633,lathy
7634,pathy
7635,lithy
7636,pithy
7637,withy
7638,bothy
7639,cothy
7640,mothy
7641,lesiy
7642,benjy
7643,beaky
7644,leaky
7645,peaky
7646,weaky
7647,shaky
7648,flaky
7649,glaky
7650,slaky
7651,snaky
7652,soaky
7653,braky
7654,quaky
7655,hacky
7656,tacky
7657,wacky
7658,kecky
7659,pecky
7660,dicky
7661,nicky
7662,picky
7663,ticky
7664,wicky
7665,cocky
7666,hocky
7667,locky
7668,pocky
7669,rocky
7670,socky
7671,bucky
7672,lucky
7673,mucky
7674,rucky
7675,tucky
7676,yucky
7677,leeky
7678,reeky
7679,spiky
7680,balky
7681,talky
7682,milky
7683,silky
7684,folky
7685,yolky
7686,bulky
7687,hulky
7688,sulky
7689,banky
7690,hanky
7691,lanky
7692,yanky
7693,renky
7694,dinky
7695,kinky
7696,linky
7697,pinky
7698,sinky
7699,conky
7700,wonky
7701,funky
7702,hunky
7703,nunky
7704,punky
7705,choky
7706,smoky
7707,booky
7708,cooky
7709,hooky
7710,nooky
7711,rooky
7712,sooky
7713,spoky
7714,barky
7715,darky
7716,larky
7717,narky
7718,parky
7719,jerky
7720,perky
7721,sirky
7722,corky
7723,forky
7724,porky
7725,worky
7726,lurky
7727,murky
7728,hasky
7729,pesky
7730,misky
7731,pisky
7732,risky
7733,ensky
7734,bosky
7735,busky
7736,dusky
7737,husky
7738,lusky
7739,musky
7740,rusky
7741,tusky
7742,yeuky
7743,fluky
7744,rouky
7745,cawky
7746,gawky
7747,hawky
7748,mawky
7749,pawky
7750,scaly
7751,mealy
7752,vealy
7753,shaly
7754,whaly
7755,coaly
7756,foaly
7757,sably
7758,nobly
7759,badly
7760,madly
7761,sadly
7762,oddly
7763,redly
7764,godly
7765,seely
7766,gwely
7767,refly
7768,upfly
7769,oxfly
7770,pigly
7771,dogly
7772,daily
7773,gaily
7774,haily
7775,naily
7776,saily
7777,taily
7778,waily
7779,icily
7780,veily
7781,smily
7782,boily
7783,doily
7784,noily
7785,roily
7786,soily
7787,guily
7788,bally
7789,dally
7790,fally
7791,gally
7792,pally
7793,rally
7794,sally
7795,tally
7796,wally
7797,belly
7798,felly
7799,gelly
7800,helly
7801,jelly
7802,kelly
7803,selly
7804,welly
7805,billy
7806,dilly
7807,filly
7808,gilly
7809,hilly
7810,killy
7811,rilly
7812,silly
7813,tilly
7814,willy
7815,bolly
7816,colly
7817,dolly
7818,folly
7819,golly
7820,holly
7821,jolly
7822,lolly
7823,molly
7824,oolly
7825,tolly
7826,bully
7827,cully
7828,dully
7829,fully
7830,gully
7831,sully
7832,dimly
7833,mimly
7834,gumly
7835,rumly
7836,manly
7837,wanly
7838,winly
7839,fonly
7840,nonly
7841,sonly
7842,booly
7843,cooly
7844,dooly
7845,hooly
7846,pooly
7847,haply
7848,yaply
7849,reply
7850,amply
7851,imply
7852,apply
7853,early
7854,marly
7855,parly
7856,warly
7857,yarly
7858,ferly
7859,girly
7860,burly
7861,curly
7862,gurly
7863,hurly
7864,murly
7865,nurly
7866,surly
7867,unsly
7868,fatly
7869,patly
7870,wetly
7871,oftly
7872,fitly
7873,hotly
7874,aptly
7875,outly
7876,tutly
7877,mouly
7878,souly
7879,truly
7880,newly
7881,tewly
7882,bowly
7883,jowly
7884,lowly
7885,laxly
7886,sexly
7887,shyly
7888,slyly
7889,coyly
7890,dryly
7891,wryly
7892,beamy
7893,reamy
7894,seamy
7895,agamy
7896,flamy
7897,foamy
7898,loamy
7899,enemy
7900,itemy
7901,pygmy
7902,saimy
7903,blimy
7904,slimy
7905,grimy
7906,primy
7907,stimy
7908,swimy
7909,balmy
7910,calmy
7911,malmy
7912,palmy
7913,filmy
7914,pilmy
7915,culmy
7916,gammy
7917,hammy
7918,jammy
7919,lammy
7920,mammy
7921,rammy
7922,sammy
7923,tammy
7924,gemmy
7925,jemmy
7926,jimmy
7927,mommy
7928,pommy
7929,tommy
7930,dummy
7931,gummy
7932,lummy
7933,mummy
7934,rummy
7935,tummy
7936,yummy
7937,anomy
7938,boomy
7939,coomy
7940,roomy
7941,atomy
7942,barmy
7943,farmy
7944,germy
7945,dormy
7946,formy
7947,wormy
7948,gaumy
7949,plumy
7950,spumy
7951,rhymy
7952,thymy
7953,onymy
7954,beany
7955,teeny
7956,weeny
7957,pleny
7958,rainy
7959,veiny
7960,shiny
7961,whiny
7962,coiny
7963,spiny
7964,briny
7965,twiny
7966,canny
7967,manny
7968,nanny
7969,ranny
7970,wanny
7971,benny
7972,fenny
7973,henny
7974,jenny
7975,penny
7976,wenny
7977,finny
7978,ginny
7979,hinny
7980,jinny
7981,minny
7982,ninny
7983,pinny
7984,tinny
7985,vinny
7986,bonny
7987,monny
7988,sonny
7989,bunny
7990,dunny
7991,funny
7992,gunny
7993,runny
7994,sunny
7995,tunny
7996,ebony
7997,peony
7998,agony
7999,phony
8000,coony
8001,loony
8002,moony
8003,crony
8004,drony
8005,irony
8006,atony
8007,stony
8008,barny
8009,ferny
8010,birny
8011,girny
8012,pirny
8013,corny
8014,horny
8015,burny
8016,dawny
8017,fawny
8018,lawny
8019,tawny
8020,yawny
8021,downy
8022,towny
8023,unboy
8024,oxboy
8025,accoy
8026,decoy
8027,uncoy
8028,bocoy
8029,peeoy
8030,enjoy
8031,alloy
8032,annoy
8033,sepoy
8034,stroy
8035,savoy
8036,nevoy
8037,envoy
8038,heapy
8039,shapy
8040,snapy
8041,soapy
8042,crapy
8043,grapy
8044,peepy
8045,seepy
8046,weepy
8047,crepy
8048,snipy
8049,gripy
8050,tripy
8051,swipy
8052,kelpy
8053,gilpy
8054,gulpy
8055,pulpy
8056,dampy
8057,hempy
8058,kempy
8059,limpy
8060,rompy
8061,bumpy
8062,dumpy
8063,humpy
8064,jumpy
8065,lumpy
8066,slopy
8067,loopy
8068,atopy
8069,myopy
8070,cappy
8071,gappy
8072,happy
8073,mappy
8074,nappy
8075,pappy
8076,sappy
8077,yappy
8078,peppy
8079,hippy
8080,kippy
8081,lippy
8082,nippy
8083,pippy
8084,tippy
8085,zippy
8086,coppy
8087,foppy
8088,hoppy
8089,loppy
8090,moppy
8091,poppy
8092,soppy
8093,toppy
8094,cuppy
8095,duppy
8096,guppy
8097,puppy
8098,gaspy
8099,raspy
8100,waspy
8101,bespy
8102,wispy
8103,roupy
8104,soupy
8105,jowpy
8106,atypy
8107,scary
8108,deary
8109,seary
8110,teary
8111,weary
8112,chary
8113,diary
8114,alary
8115,clary
8116,flary
8117,glary
8118,snary
8119,unary
8120,hoary
8121,soary
8122,spary
8123,orary
8124,otary
8125,stary
8126,ovary
8127,fibry
8128,ambry
8129,nacry
8130,becry
8131,decry
8132,upcry
8133,ascry
8134,cedry
8135,redry
8136,vidry
8137,undry
8138,updry
8139,faery
8140,beery
8141,jeery
8142,leery
8143,peery
8144,veery
8145,fiery
8146,emery
8147,onery
8148,apery
8149,query
8150,every
8151,ewery
8152,lyery
8153,aggry
8154,angry
8155,dairy
8156,fairy
8157,hairy
8158,lairy
8159,nairy
8160,sairy
8161,vairy
8162,spiry
8163,henry
8164,flory
8165,glory
8166,moory
8167,frory
8168,story
8169,ivory
8170,barry
8171,carry
8172,harry
8173,jarry
8174,larry
8175,marry
8176,parry
8177,tarry
8178,berry
8179,derry
8180,ferry
8181,jerry
8182,kerry
8183,merry
8184,perry
8185,serry
8186,terry
8187,firry
8188,gorry
8189,lorry
8190,porry
8191,sorry
8192,worry
8193,burry
8194,curry
8195,durry
8196,furry
8197,gurry
8198,hurry
8199,lurry
8200,purry
8201,retry
8202,entry
8203,saury
8204,anury
8205,soury
8206,usury
8207,azury
8208,dowry
8209,peasy
8210,reasy
8211,teasy
8212,trasy
8213,fubsy
8214,pudsy
8215,sudsy
8216,poesy
8217,daisy
8218,noisy
8219,palsy
8220,limsy
8221,gansy
8222,pansy
8223,tansy
8224,pensy
8225,sonsy
8226,boosy
8227,goosy
8228,brosy
8229,prosy
8230,tipsy
8231,copsy
8232,mopsy
8233,gypsy
8234,birsy
8235,gorsy
8236,horsy
8237,nursy
8238,pursy
8239,dassy
8240,gassy
8241,massy
8242,sassy
8243,messy
8244,kissy
8245,missy
8246,sissy
8247,bossy
8248,gossy
8249,mossy
8250,tossy
8251,fussy
8252,hussy
8253,mussy
8254,pussy
8255,bousy
8256,housy
8257,lousy
8258,mousy
8259,tousy
8260,drusy
8261,newsy
8262,featy
8263,meaty
8264,peaty
8265,teaty
8266,agaty
8267,platy
8268,slaty
8269,goaty
8270,facty
8271,beety
8272,teety
8273,piety
8274,goety
8275,suety
8276,rafty
8277,wafty
8278,hefty
8279,wefty
8280,fifty
8281,nifty
8282,rifty
8283,lofty
8284,softy
8285,mufty
8286,tufty
8287,laity
8288,deity
8289,seity
8290,whity
8291,amity
8292,unity
8293,moity
8294,toity
8295,suity
8296,malty
8297,salty
8298,felty
8299,kelty
8300,milty
8301,silty
8302,tilty
8303,jolty
8304,banty
8305,canty
8306,panty
8307,ranty
8308,wanty
8309,benty
8310,denty
8311,genty
8312,tenty
8313,linty
8314,minty
8315,tinty
8316,bunty
8317,punty
8318,runty
8319,geoty
8320,zloty
8321,booty
8322,footy
8323,rooty
8324,sooty
8325,eyoty
8326,empty
8327,umpty
8328,carty
8329,party
8330,warty
8331,certy
8332,perty
8333,dirty
8334,borty
8335,dorty
8336,forty
8337,porty
8338,rorty
8339,sorty
8340,hurty
8341,hasty
8342,lasty
8343,masty
8344,nasty
8345,pasty
8346,tasty
8347,vasty
8348,wasty
8349,nesty
8350,resty
8351,testy
8352,westy
8353,yesty
8354,zesty
8355,fisty
8356,misty
8357,unsty
8358,dusty
8359,fusty
8360,gusty
8361,lusty
8362,musty
8363,rusty
8364,batty
8365,catty
8366,fatty
8367,hatty
8368,natty
8369,patty
8370,ratty
8371,tatty
8372,betty
8373,jetty
8374,ketty
8375,netty
8376,petty
8377,bitty
8378,ditty
8379,fitty
8380,kitty
8381,mitty
8382,nitty
8383,titty
8384,witty
8385,cotty
8386,dotty
8387,jotty
8388,potty
8389,totty
8390,butty
8391,cutty
8392,gutty
8393,jutty
8394,nutty
8395,putty
8396,rutty
8397,tutty
8398,sauty
8399,fluty
8400,gouty
8401,louty
8402,pouty
8403,rowty
8404,sixty
8405,boxty
8406,rebuy
8407,upbuy
8408,heavy
8409,leavy
8410,peavy
8411,seavy
8412,clavy
8413,gravy
8414,chevy
8415,sievy
8416,shivy
8417,snivy
8418,privy
8419,stivy
8420,salvy
8421,scovy
8422,drovy
8423,grovy
8424,nervy
8425,curvy
8426,navvy
8427,savvy
8428,civvy
8429,divvy
8430,shawy
8431,thawy
8432,flawy
8433,chewy
8434,thewy
8435,viewy
8436,skewy
8437,spewy
8438,stewy
8439,showy
8440,blowy
8441,snowy
8442,frowy
8443,flaxy
8444,coaxy
8445,braxy
8446,ataxy
8447,prexy
8448,adoxy
8449,dioxy
8450,proxy
8451,azoxy
8452,druxy
8453,blazy
8454,glazy
8455,crazy
8456,heezy
8457,tanzy
8458,boozy
8459,woozy
8460,furzy
8461,ritzy
8462,gauzy
8463,lawzy
8464,jazzy
8465,fezzy
8466,yezzy
8467,dizzy
8468,fizzy
8469,mizzy
8470,tizzy
8471,buzzy
8472,fuzzy
8473,muzzy
8474,wuzzy
8475,kniaz
8476,namaz
8477,lanaz
8478,topaz
8479,knyaz
8480,jerez
8481,cafiz
8482,hafiz
8483,kafiz
8484,cahiz
8485,grosz
8486,blitz
8487,spitz
8488,waltz
8489,wootz
8490,hertz
8491,bortz
8492,blizz
8493,brizz
8494,frizz
8495,abuzz
8496,bruzz
